leaguePoints,rank,summonerName,wins,losses,hotStreak,veteran,freshBlood,inactive,summonerId,puuid
1568,I,BiIly Butcher,760,668,True,True,False,False,xYeTK4KTpN3drkMQRQ8Wm1CWxLqDpXeBxU4JXuYmZ9WQcKU,HnmbJaflh4CpOjhGrYpZqeH92bOEhm87X-ZoJ8jIaiTh8-Rl5InuO7FIkhCRvu_KHrXmNYrGtyz0sA
1533,I,RGE Malrang,363,289,False,True,False,False,L1lRR75lmV8OsHgk0f1iadLaLVJGNtvJSmn-Xj2U8AefV0Xk9ZkQYcAx5w,-XGtUJcPNCcYGqrh8Ya_blbnsd2HRIPjT15pfxmv2d6jXr4wroAMf8pwIN2-Q_88mwTLC_YBAtEp1A
1514,I,SPKTRA,383,301,False,True,False,False,sX1uX5yLIxD_2RFN72Eq9FsEQVAUyEIS8U_cB_LE5bU0RX1h,KafOzGkc4qJ5rbDwcmjFQQ4GAVWZcV1-aQHkJ37S7NvnPxcD8hq7_rrbNrEG9cYr68HyVI1EBSzBEw
1513,I,John Wick IV,161,95,False,True,False,False,Y5kQu60P6Fh3ovdp5Wv_zgf4TWekgfp1hUCxgErkhWZB_eci,1A5PIaOEHcJTawVo4-AwLWSh2ekb56nyJXJVBFTvXYZfUluZzGVySeeVzoya0Wb7nAzQzDq5N8aBBw
1464,I,FaithXD,206,151,True,True,False,False,xqPSXJoIcYTLDtm3FSVusR5EXenkhX542Y2WXFDARFxmxQ3L,-kusMUvr9Naostsph18XqhwPKVe8GotHc1PQaT1zG1TtUdF0Ph-720Yvl4yTZqtDt9vxKpg0r0_-iQ
1452,I,supaaaaaaaaaaaaa,683,598,False,True,False,False,H1A6RGf4ylCGNGd1mAZW7rVMh5HEA_Qi04CZbBYQM5vwa8M,sp_E3oH4nPv3qwxQcfl1R7hnm_71f8YKvNRimI3m4zpiXJirALGaGI4iPBTiDInUegnnoUuP4BtuVw
1438,I,ViV SkewMond,420,336,False,True,False,False,_cWSRjB_jQpiyVqYluEfYSxzrRHkRakoS9Wa4mFz8G2PIfo,kDq_EKKVMFuCVT_gkF6DBIl9kPXy0Re2cxWaF8Jnz-YmxALpQmQFv42mDWA29lf7kKxHFKcirMbHKA
1420,I,FUN k3y,395,306,False,True,False,False,LU8swTpWjZVE4gLOlicqHmSu17nD5N7cVKK9s3epq01xBec,0R5T0LJYOT3ubzu-4PPuNfwpE_Crq4-Ph_c460shKFMQQ6PMLURNlNFtRFSoMlz5BvzHgRpk7p822w
1415,I,Ttv Lathyrus,239,156,False,True,False,False,gJqchVCIIljZ6KD5SZWjm5z-csrmnyEv4YwbnodPmUQHljB7,rujE0yNHTMwuz9iW71uR30ro82rwRAO6o8jItwoJC_SWgWflYtI2O8bZTuyKuwJbZHpBASZSZUxe9w
1414,I,FIeshy,556,474,False,True,False,False,q-ySDbXlfPZ0ZPh08wHgfX7tdJ5OGSzDrAzBHvHYzbnecl6RorMlUsylYw,h5fkIH3nIMCtXCN71vtPkVipd7VctQ7DU1y2ylkzuI1JlbXIUUfMM6rO7mGNRq2cwIzex0Mymhg0Fw
1413,I,fKing Sinerias,235,180,True,True,False,False,cDX0m6ffm79GD5WtwxAictwoe4CbLw6UBkWd4JYDlbqgcRfy,4FN6V44eM9VIpHlPD311zDWgPYBTRuLRlTmMAW4PXTdKOn0Px4nDArrVGgbry2wIX_taLF30UD8ofQ
1406,I,elramir 2,437,345,True,True,False,False,uJqcpQSp9cT8smt1puw--BgrnXcBQIHf8fTGCU_XJC-fBOI,uKPpooy68Nhb14qx9Y1cimv4iXdTxaY0TN1OzQYKzFgdT19ui9cJmXmvL8EGN9HbrQMrx--5vk5ncA
1394,I,Mountain Wolf,316,232,False,True,False,False,dDx52dKhFBSwNwKVZlH21YWg6JN_PkEtH9NUvxoSIJdqIgGB,_mtWtBBJ2r0m12_tZ2hn4UQ9ioM6aIUR4jl5_juKXkfEVjfFUA1g2R1h25c7WUXxT_5tDPKmaHukRg
1375,I,Lathyrus,482,407,False,True,False,False,7hPw7reiBrNOAItizC56LWWU68Uq3uHBVFNGAnWdo9KA9fo,Eg6S5Pj1NwaVevcVTwJaHcHQ-MwaooVvn7NDguJTjsEoUBWa2tN6VxAHO317mvBEWn_ISbbRD1E6ww
1364,I,be like mike23,445,363,True,False,False,False,ehxaF0bIjxubiea953wzDCAAJUitsUQT9PcrYEEYc06MeUfJ,jXa7FlmzxhTgM6b69sPWiYUsSKqdbDZt4Lu3SOiIL2KBK0Obbsw5AqkcBfZezLlLGEFRIRLqAajNgw
1354,I,Razørk Activoo,360,283,False,True,False,False,LDUZSa89NBTPuOUcscFrioTvcWaqDvPuHbW2xwNgMrzrF-o,GsJz9MisihRgXbYkAk0ID9kARtNFTZGlJ4bM0PUOBWMqeAR9JrkMXxJ20Ag-Xj41Skso10DiXJKAxw
1337,I,zhypey,130,76,False,True,False,False,1ln31KewBTq5SIH-e5XpiCx5zXkdMc9BfjEjh7Oyk9mZ2Nr-,jAXawf0b78FIhJg1V75CQj4JR6XqwBDzFG5FXvK3f-iD3PNcp2_IX8n-py1u5F5Ptrp8sXBqTxdbfQ
1334,I,AHaHaCiK,768,692,True,True,False,False,sIQD1lVgmDyAWDyuRzjiaLCoMnpnwGqwHOYMtlZPeZ5cSiI,Wu3w4Cxi20hbLo5gxFBVcsSmOB6wiP7vtVEmR9wXwwhR6WC8kOFjgM8FjpKO2HqoDcDAfcKDnEBvew
1331,I,Don Noway,479,402,False,True,False,False,xczebet9JqAyq9uPT88HHFIbSTBRuUbwfJZUIRlkSZEk1sc,B9rqFpm4LrDqkM8DLxO8SkR-QnTA8QYj5s4ckz9SNjm9bihMhER1vRR97c67PhqFqE-DTVhQqsrO2g
1326,I,TakeSet sama,429,357,False,True,False,False,cJpYgpGDqi3XD-ag5LWVq_qsjJodqsaTJKxYjC7NyazWED8,RR8DeiBhhAs-SIZTePcOiY4IybBGKsrjuUHfELL8QCrOjZsF37ZPPPbLyYoIAq06yZeMYpLLGx_pAQ
1325,I,FEB1VEN,327,278,False,True,False,False,5iXwxKxeP_hJembaYS8yPi6mLBpneUk7qD8x8oFXjsDcgml1,OFPWlSpGRkRZTzTnOOjoWKg2KOw6bWuFlcdCwEWcD2T4Fkso86IPJI7RGVzqK1prO1xF79om7XbbxA
1323,I,Puncture Wille,275,199,False,False,False,False,pV-WxpQlL_h71GlqCffcfYqtv_FBHf4kIdcxdc46hfUwceE,pW8tq-Qa67zD_8uHOH2NIEkaovmy65ugjtl-4f1Il9JlNCWbYE0dgZmTATr_O-GfwfsWKOXJbtGtsA
1322,I,Kalista,209,121,False,True,False,False,tw1tIjav2Kgh4WJ4VftvLAKltHBvX1oT-fkFDhC4u3RHJUJP,ix4gE3gajnJS9gr9ADGVMUwVJRTRtSkZfDf5ZNK3_GuMaNMqcAf4TJ-DGILngSv8iR1R24OmyfrLsg
1316,I,Agurin,566,496,False,True,False,False,kqRBNHs818GUWCOMfvZ_t-8mmGkKJ2cFRxSwQkYDVD2zJdE,uvoNHAzhXIrQt9iSae8T-YUFyofywVN6VJwnv40Vj2YWjIKPQa1ExHg46HReOOIx-DZzkZHCBgcDyw
1308,I,LFL SUPPKING,1021,949,False,True,False,False,LFx5DQci_FDH08s6G8jnCj2PtpMRj_FkmqV8QGlqKOX9WR-h,NUBMs4Z30bdw6f5OAicaoQA9ZBxbSehDmIgbV1DZQabRY7d7QqUwjoJy22KEJsIoG0FTdVPOSqWTdg
1303,I,Jαvier,559,482,False,True,False,False,7pIHzZLMZMMcerOzVE-Gu-H9LOuq8w73HpQumoSRuw38LmY,frEaqIYHG3NcPnqBOzj7RG81x1xmXthCQEdJZE2TZQU6m7_mkfNcYeDPLFzM2H7I_7CqyGfnH1af1A
1300,I,Odoamne,525,456,False,True,False,False,DbLuoqdr8h71TKhQr5p7HjwzS4k8fXZD9gSiE0N8URLtey4,m3f66-zwWNsnLKO0u_uuYL--hws3F7acvVlTx7jHtFd3hwc8txfoJhmUiKlaf6LhWNyayNl8dM3M4Q
1299,I,VELJA THE MENACE,333,279,False,True,False,False,jL1hmY7utIKRq1WDtVcblA0FUnwaRgyRL4Ez8WF8k6O3wYKU,rmmZSYBoXaM5TPDKPM2ewGT-5XgOo3fPOmW9Kwaeq474MhV78JDayqeIV8xG1TYxWP0vo2kckyMQ6g
1295,I,LiL TommyG,710,630,False,True,False,False,2PvnVfvqojqBsAg6HM_dFTjP0qlryqDlwqbP8uJOzIUFO8Q,zewMizkya5YKvubDPjWxkWi5nr6LFaYe96Ca7tC6J1TRWc8AA2QkQnYO08dJnJAlKc53Ikz6sWmYmA
1291,I,RRubyLOL,515,431,False,True,False,False,FaRP2aUOi2ySQyJIQ_Lxf3YSxkGMcIO-fegVNs7w9IY9GxImeyhnqxaQhQ,Nl1xynH6IwnUu9FqbSfpFkkee5rxewXhOqDtmLm2_UX6m7g9QRApMCUlXOgs1V0QmaV0MAHyJXC2ig
1288,I,Voidfiller LFT,131,87,False,True,False,False,hiurcn5wge3D49c609_1SCXlnvszs4uMcrMpcoFvXCVPLxnT,ueNV7WcnzbDf6ZHUtRhHI3vqaan2cwEWN-vC4PNu2i21SNT8ant1GHvsSFfJEag5ZmBWHBhEjynuVg
1287,I,Skeanz,802,726,False,True,False,False,ythuJpuKM4RW9PIZkdBcQ51eB_SxAQ9qXvfZqkZwd6RtWL-5CGll1U4xIA,zJrvJkuRB-qs5M_FY4y4KvuyR1ja1hsiiGPBN3k3XOFuSCUr1Emtppq2xT8mhAs6SBTE7PlwNCJckg
1285,I,GIGAMENTAL69,460,395,False,True,False,False,pZXMJXEtWV3nE1-tmh97E4fFRHT8Y634z9kK0nAxuBvn96R-,ozQ4WNN0sLM-QZuFqO5vhtopMpUBRnByNtSfeRMH-no_kow5wIryer9ClT0N26_UxiLOR3f5_z8ITA
1280,I,Mr Tickle,349,268,True,True,False,False,DZOUFlT6C610jtJaVa_5glDw3zUXQuDgFK9JUESDWsvy-_8,dOiM7kvjpiABXWLbZIfbYUpZ-VHhDvl6rIx1Kjx7MwzLNoFnCw0yiYiDcyDY-UTqb3fNQ8qbUvS5Hg
1276,I,Finn1,666,598,False,True,False,False,rHHFu6SqA6_qr_8QroUyfApa_2Nj3Yz1XVOeuWOgwSBRleE,Rt-v_JJM-UUpk2ds7F-vfoi5W_UFJ1HxOE-W9NDL5zQLylDXHIcOGJqrHy57Ap0sVM46adIhJxBxaw
1274,I,Targamas,514,444,False,True,False,False,j7eHaXxyVYLLNn15JsbCioKFVsmNT4Bze8qevoz_64QkNno,QYL1XEdL-7VZSdxhfKmtmd-8oKgjwtwj7evrV_3ZxZwr0SNZ0qBtdQBDJvldxMLlRauYCi9MAe6YDQ
1267,I,SHERNFlRE,502,439,False,True,False,False,a5S8F6VCtJEP62Sv3NsxYj7Lba7sr-GB84mfeEfcDqgEhAF1ozVdRw7c4w,QBgDdc5Qu_WzfpKrBajbq2O6km5kZ7TcpbG6BCP6E0LrE8J_ErBZ10_oxKaaoBysmIFAecxin3UVSw
1265,I,BlauBarschBube,386,315,False,True,False,False,gVeqNAJjGeLSS8Otjr79ydA47SZ7to0hL1jtGF1Okaem1Ns,RCGykYu2JA5KxTRwCU7YlcLIG43QZ0PhBxzZ56Xkiek0zuEdleBZhchzX-qMkFzzY6RxMYz8OMx11g
1263,I,LORD MERUEM,249,184,False,True,False,False,Reqn7UIh5DMFf0f5nO5TzDBhEQeB94Lm_BE5-MCkqAEmZwKxIk79jYBPPQ,3YdGDZgLuE5bOYZiWnY_CpGLepUvyt7j6s4sC4NjrrbTB8cogRfoFLkFoQyteuIIafUI-Y9tqAy7PQ
1249,I,Yikeru,309,248,False,True,False,False,c5yTbMYVuCcvIYN_ORN72rq4udF1jbwot2_-X0BwOfptTIqU,vwpiBfMGLPjptm-elJ49kOUTn8uXzMqnPsOyhwyQPv2fKQls1hLDY3U7iQon-1V7kX1ucX7qbQYiIA
1245,I,MagiFelix5,812,709,False,True,False,False,NOwcnrAy0PtQ6H-cJ9vfcCG2660GjCoIBk45hRBOY1ynI4k,TgRh0BGST3NlcicgEngTmzz5iNPqKq8tlq2U9ro3fsR3g_TRrMBTaWiAC08ECcyR-qnt4OLdzF1Jcg
1244,I,Stor Olle ,116,63,False,False,False,False,WgdI_ITI00fl4zyr_LkGoGJ7mYREnTEq4GG6NeYQigB4Dm8,WTCSQAtiQxMCAmeuAEKbi_lntnLdwBoo9o1j44g40AxUu4We3g_xzJp072vMUmNVNgFUjUD0dJqoTw
1243,I,Seelame v1,350,278,False,False,False,False,0g2ippk1IGQV_oQbbBALFN2nqC4Ngj_AoSu_YJzv8NzfVsY,wRPllTX-jdPMcZ2_fN42deVfe2GwtEj6e47dqcX11H9zjy7PDRETBYyZtTSs8cQbS5os_bTgMsNOCg
1241,I,gunshotgun,153,104,False,False,False,False,-Yy3Ykcyc4Cw44BVdF1RClxJtep5tLcDH-4AJ-DTabNGIj4,H2nnSLtjb_WmFpgybKQxUJBNORdg4fw4Vubt48FEWk_ulY1xQNjMXOB-aAllxv2MouHxS63BIg0HvQ
1241,I,Tempt1,537,442,True,True,False,False,4Xv1fxSWiR_sJHwNcBBndIqMNFCydogWoIkvsMq5qHet9JE7MsVhkOhSdg,4dDE6fsl5O44qsjmph21oC0OZqZZWtK6d5BbCF3I_pYrn4UshSOLjjRE8GWfuf4P-5Irk6S5EVNZSw
1240,I,Keduii R1,827,759,False,True,False,False,141sup70sjwGNfdWk5c17CiD0DsfLC-gEFOylMv_EEP4688,ei0ztORx1rOXyA2NVrsq3S1X5qJpIyjqDDNnMhsYskkdZiFM3OS-mth2U3HlSyl8-0ldU4-6PMP1rg
1239,I,BSC Coldraa,206,136,True,False,False,False,_azAc2Eh-MrYeRmZv1xC-tTQgG96mvhmF_hQIsCeYeygZx_7,WBDXbQX493enUqPKN-4Kgne4U34AOfWYBTcKarsYtcHWeWfYm27xQv2BcYUmMgRZvST72qswcovwPw
1235,I,Kirei sama,449,380,False,True,False,False,nVBC2wEWtaSIblvkh0ap8dA7HSbZcwtrVWeaO1la9SDaDRM,vAnMT6n6xSrejWzFdYGXxHxfzVwcS3g4V8Z3JHwq0yzHPSlsQBqUV13aWAgCVZ2HZRVYk6221_PHoQ
1235,I,ismααα,437,370,False,False,False,False,kvxcOE4zOl-h5mJfZo90w1g_48jFqv2EmJhaJ2UoUJiBgDE,IABnGHCua0wN8yuNvlURcdwUfomU3Rim4kRzAFyRb8veFh-GqgLX-_uU_1WQyPfE6Ugbk5eSKJy6Jw
1233,I,call of power,311,246,False,True,False,False,9iyY9_mnxHJbYhsiUTJY8x1hQTrCX1qV86SnFmr_Ecj9DEn0,qhjy6vSbg2yawpkDFo3Bzkxuzdq0csmHaWsim2Xo5TomfTqlL5qKyii-RJxhxKY1ewLjGuD9q4qtoA
1230,I,Tοαst,783,702,False,True,False,False,v89V9uxT5M4GxQ7UABks12XIbTMmf0z54jQE9UnRx7WrsHya,CLHw63Q-3ifUSAvt1bbtM94Ibv4CxUggrAnCCPv4BNloiIhKQyGfroR8V0bR1XTWnUT0JXOUGmCoqg
1225,I,zafccp,395,321,True,True,False,False,sF7f7N3yPAiAx0vuysE0BAihH9J2wKrZVTolOCw1Zib-1rzB2Uaj0oc66g,_CADich2Pq76WAwG0jwmw9nXuvFi1SSXxX7SbV6_QmVJF7l8Fb7W46IRRlxlslT3o-UCFo7DitBJlw
1224,I,Mαster Oogwαy,366,318,False,True,False,False,MbVi_lHI36ojDqdk6oiVKC1WFcGmnGwT7_8SMcIGdqtYKkA2UuY5fTT6mA,RRkZHPP5w5oyUXRwNu5V8nTn8voDt0yxzumt4RK9qNHC3d6ArT9Z-W2gZv7BvYBEqcKg3wgFn-6l8w
1224,I,SAAKEN,398,335,False,False,True,False,lK79x_Z4Wnjo_b53KopBRyJjT6SX0TRjgP36AcP1oTmxeho,j8iRYPHs1EYRWaJHAgwjnKXHPUz7pAaJV_jVrhezA_DUlhaKnz5-A7dkuEUwVLQIQAe41UTTIbpb7Q
1220,I,DizL1,320,251,False,True,False,False,R3dBpTzzZQGVxnIoEWHp6nZKYnIrQf5CSyhAHpubwiPZPNo,KYUAy0WZ32Npuoyot6_kI1gXGr7DI-3wIfzZxzmoTq4MbdLBher1CCXdcaWxSg6VMgK_4mRuNjI76Q
1220,I,schifosoèmerdoso,883,760,False,True,False,False,k1hR_jMkR3flaXcVNAOh4OWBEfzEzGgtipT57IDfDIgSAt0,590-gwNK7Hkucpro5fiSLTqR_uinoPxN8vY3lQAU5juebFTY_wvtt6R4CWxpcJpA_yBwy8wISIMafA
1217,I,Emerald Dragon,138,80,False,False,False,False,Z2XGzbXf76FVNUJ03JbmNIPgolOzhLnyh7VGhfRKLwpxkjIv,3r5DfK1ZO_6cRI92298jECUm2psYIduRBs0Wo0TQGdHqJ5kXOkCuAmxb7dsZvWzRWzo7GP9WuGtqEA
1216,I,RΟYΑL,349,251,False,True,False,False,RR6tycri5655iYnuK431XUgIVpaHjMn_MuC6amBPOc2xiz79,t0MA3RE-BTD1MVVIHOj22hOkmipPU2CmG61Buz8XnTgmIdL7OFC0uDnhV-4dVuMMb-H0DYBOBS8QgA
1212,I,Szygenda,176,113,False,False,False,False,fH7u3QVi7zdROpcGohiGBDbr_YlaaWM1n4CsekxLeUFE0Fo,73LaoGbsQ0CyTBRvFT8GJdDlfWX9VX2U8Dypayu3vekM4LIDRKEO9lBPbi-C5xmPoyI5GHASFqAoFw
1210,I,OnlySpain,294,229,False,True,False,False,QTVrf3kCy2RUfTk9pnH3uuaTFaOq0nV08uKJVCzBRhN1dw4,blnhduyu-7tNQ4nYt87cnL8cANJx6ct6ECsqtqnrIhZEf5BUcDqHTbuNuBcneg91OmEu3fQKwvQntg
1207,I,olaksfhijdf,591,523,False,True,False,False,Dg9YI5L9gdfXTYnAotyLu75CZZSzrnVB86QZTIAcuXqtclo,x5CvUgK4M2F5VU9OM1X0JbQV8IYFdiggkY1ypZYF5UrCcqtZvn73otX7MdgDGpYCwEelcC7PCzaxNw
1204,I,TTV Regn,400,326,True,True,False,False,gHFUsVF0BY3MGIOgYGTMy6b7KohlkGOFSHIwSGbeiZINweTz,4-zEc2SRbVtd6XSEQHpEIbH3qBlTUFKr7uxPlersjr9A38YmvOVpUJh9Q02DaByDeceb2mQemlVb_A
1203,I,Peng Mid,275,207,False,True,False,False,guNZJLcKRc1dwN8V7-iwcpfFFoAMd5IoyXFaCe4He0bILy1f,_fLifx8Zc9evwdcYi1d7FoCtr6cTwJF0LwKPti9mQ2T5Zg9oDYbZmzx3qCpU0aJ_8QZhBH3dz1jq2g
1201,I,UNFORGIVEΝ,337,304,False,True,False,False,zo8fREfLn8r23jpfJ1dVNRb580BI1dSjfGaJ1Kuwrm9h_CQ,EuoFyuSXsL4cRxh_Tjbdj02KgQmQSAtELynl03qvqBK08X8uNEkx1mFPGhI88hDiuOwMyJPUCzHF5w
1200,I,Thorga,825,758,False,True,False,False,hTkHFiqpiy3qCU0QBR3UqJDHwvcuOzhSLDGeEOxOpCPcGp1e,CzzUM4zC--gKL4n78P9XzkXET4A-Xw-1nf5b7wZ6bEm-tcGrOMRac52H1aXl61Q7OwbGVgnI0gAwjg
1198,I,CzekøChad,159,124,False,True,False,False,pL9q7u67Eg0XD5bw_P6yo41MunD59mt-FXxL70xkvs-r07I,CVitW-Kl6anqCB76n4aG9_HaSjHh5jTgXlZ2h4AScB6yot53MZScA_JGzSLC7G2JFQ5LbLUROWjctQ
1192,I,KHK Crowno,625,548,True,True,False,False,TXhoLSoDWZbH1y5iAhG5lhacV7f7GOzdASqNMlXCAUDU1tQ,EcOP-NEJCb085rVOyMiQXuyE5Dy1M9V_UoLlgrwL_nmo_C6YKrDNpKBvcIvRP1MMdbZNtSMz_e8zgQ
1192,I,RaiderGO,291,266,False,True,False,False,hTUNUt702Q2M4pWK2DkYVkykugbE2ApC4tX-klHm1oC8Rxn09hEnNxeZhQ,uaPaYuj6EriRy7hZhAFa6Ya3u68uwIEjO3kOTcuJAmjZjMhKhANpy5sem1DxaW3u6_0Vi7XgltuptA
1190,I,Flying Colors,341,247,True,False,False,False,KjRYmyzX_HZOY4_-Kwt8U6uP7YPsWuY4UgcpTmhR7-I8IZJvPWxiC0mE8w,aRcY5yWDmcREDUuKleZw2bCtU4701V8O3YbC0z7-2tAxpltYCQI3cWWVhy9rCDvWw8i2U34L_YlScg
1185,I,MetroArcher,709,645,False,True,False,False,ns66l-ctWR5ILbe7qIj5RtR6NZ4-EiexlgLVNORNZkvM8bQ,4_7tzpoRSDtYNTy0e3IdI5i4TvrCMtfMhT_7gFcScvynNLiYpVZetuLLmhYk4qhBje2zL8ogzTBCGw
1185,I,Eliza Taylor,190,127,False,True,False,False,6wU33Z1fE5O57s1K9ii-dkVp_OUFayZgWOQCgGIk0CwvFsPeqx2WrDYoiA,afFZTdew7E3bzWRrshQiFT3eQhbcIBaOztvuyCPMlaav_PQHra0FvSXcdhlQ08A8_gSsRUJz6Uurtg
1183,I,Maynter,384,316,False,True,False,False,avPpMHpfB6KsODCGm87jcjw-ksk2n4Va1HpkCgwtdjY7Urk,sHP_ERyH3D7SZlaw4ejK6o25hNTF1qX0Yt8eCYzfsgeFO6h02pUWlbYHz-lNiA7uk6aIArLCb7bdIQ
1182,I,Built,296,225,False,True,False,False,adB-Kmb7GPjSiwkx3TUTwoAxoW2d1x-EX_EL1ovhajbWhHNC,POROudagMfXpVdDrip5HcTrkL5Jj8rdCqnWYG1LAffpBUCETYbtAhnAkGk-dUUqBtbJmC28rkj03Tw
1181,I,Pride0,204,146,False,True,False,False,gUb76_5GvMV9dRim_elyRKZja2MlLj2lEokuwE6acIJ1sIpjTh9Whm81lA,Lq38kbqIeVuXwAbnUYlK2F30gaJWuoHDxbnelh-_NfWkmTUeEX5wQM80wI-BjVAb8wv5LztpNIUV6w
1176,I,Tmonrein Mental,507,426,False,True,False,False,-nC7iC2IJRtHARsx8Zb9bj1BiMQiXXam6lZZxoRjAvtqTH3r,hNEklqyqbqwV2UhIsyrDMxjP-JR6pvEbiP6JuuHIOLCbhLGQn3X4MIf42RxIZYv1K9Xx8nWVqPZ8AQ
1175,I,qweqweqweq,331,273,False,True,False,False,MlSFNfxLb-HfyK1B-pRC2Z7wNblIS85gTYW7vpthTpg2z3E,6Voyko5tQTWhLfqmaLWQ41nl6nZ8-LiVqdDc2YoM3JpGF-j8ajAuoz1PqKFklcLEuWsoHNLx3fjM_A
1172,I,HenryEtooMessi,308,235,False,True,False,False,YOv0n9gWpbDTThAYa7VKmqCujoiF3DQQR8qaN_SnUA5R3yM,LlNxTLI9UCjtQzLkeBeo92zzHGibfZpvg_eGrfSo1j-Jt2zZ0PSIaPuSTPpXkkAQt7S0SQoTlLgXuw
1168,I,Decay0,975,914,False,True,False,False,N6pCh_0MrdKnS8SS827etgeL0BTt1StPvhiFaP9OdS9pAoU,_b6BwVJXDudOWZLzwgLONyz8ENycFeaHsuHIzX_kd_AZUu5NhoYL3JNuZjgrbPtM3ZntOJdllH4Edw
1168,I,one sip please,216,157,False,True,False,False,33Y9_ZtyB96prPMTH4aGgS_wDDLB-AtlpuSldJj_Yxa5F2bKgXbLvqRFxA,cDMCTMJOWSrzt-OU78dibFyjH3GhMEozKylvQqAQQM-hxzkAdV_owzUoT0Qrr-4N0qKdB8Uf275L0Q
1168,I,FFDP,254,194,False,True,False,False,4gVTV9kwz97V1x1av9QdpU_KbyS_B5hNbGKneYaPlj6-iahpDiFOSfV2Mg,IEm-Kyrm3YrZhcFLg5jCjUdLFkUAy5EOSTUk0yEEXplRCI4DYf3bgQWVExS7yCPjeRveXbYIv8fLOQ
1167,I,Qnoxs,956,912,True,True,False,False,MfIae7-SKy_NgMVbZa_0cUa2jLquljxvb-34U1-bUElVR4Q_,8gf51TwUA1IpaMG6sO_-gPcG2VIX-pUOfz7vsjNb2eE9XSxvZsJzqkUdCjeOlgBuap01mh9uP5x0WQ
1167,I,Lekcycc,258,193,False,True,False,False,aHwnmdpllnGzU_tFueFia-xYS7s9h3XeeK-gAaceeQKGugtB,0YIdZbyGUp3CzxVy3Fhq1UBzyMaHJjLo6OFjmdXeWcLsmskA1lNLPpPlDTvL8GigTrcneQL3ddOmqA
1162,I,IIIIIlllIIIIIIII,920,851,False,True,False,False,jn9kfD8OdJNJ__HRXtZ_9vhF21pc3HH2jivuF4u02JWBEa4,lMGG0_GozOFjyBMd_zFZHMEYVLhGBBPcXj2dwAT5PSFyad0wt2ItTFH2_9XL-lgn7sBsOzgWS8uHGA
1161,I,Stormaxx,225,162,False,True,False,False,Vf78rFJKJKN3R-S4bT5I842SK_dVovmMt6qkA85BXaN1W-A,LEEEOxITWkfaR0GruMG8OEM6N-bKRmXxjVqvPDxvvKgevgNy0AgfloQWjh9Bfw_EjXV3Een93ZkCQw
1160,I,DRX BuZz,147,109,False,True,False,False,qupJK4_mqP1HGZ4Nb4tn7AgNEuOT1qlp9mtttK-mfngbi24,LTzrVPNVe-O6i6dPqzj92SV1E96VDw4ZZlkUv4Ma95dv0Pm9f7jSm1FzA8MbC16xlKrWcyEK8Z6pHA
1150,I,Kite Machine,320,252,False,True,False,False,sFc1QkzW4sCtixg2iQ2-rgVT9rqfp9AsoZjVmQwAZFgD21I,XTcKPdMjfaXTIcIWscpvi8gHnCYuU0x492yBUXvk5b2H4-qOZ7u68Bz9XWPa2Ry5ez_j3ofAa2Ye3w
1148,I,Iziio,346,294,False,True,False,False,sLBGyn9SagBB3xHDTajsZVtEh_XIfhrs3Rso3OC6XiJoDesn,o3FV1WNS_k68vk88QA3PwN0PzLhaw3wJR3jxmUryca2cRkJN3lOw5PkkwEE94T596_XVPBv7jdzObw
1148,I,Drututt,300,241,True,True,False,False,j34Kuog-pVPK5JqY1fLOZhUU75JoAomOlHOEWjfoNcQf6AWt,5H7U1ZvSSutRyx_PLngCGxRm0wxJng3fFKYrNRZnCn7IfcfQnxaLM1aSQmqcNhpVI3b0_7jObtFPQQ
1138,I,Veignorem,614,559,True,False,False,False,SCEx1BToTczUiUwdjQKW7nvk-l0CmyYVViX2T8VRdd8VB4s,sgL1mi9NYXbWrobFVnvmS_elTqyp20Ov5AuO_NmBTIR1Q7WhvQqVktMCAE63j-ikwjKSH0rYPenNJw
1135,I,Shαwn Frost,398,338,True,False,False,False,AnPIxKBfoH176dQr2FNM5XjVON-Nv44AI6NonqEciSGyRP8,ZKCPhHLrnU9a9jqNiKYweQheYxLurRQImvh3H0y9Z-804mK8ix0GSNKofC6TRhf54iPa5w2jZKwK-w
1134,I,azerty1,387,322,False,False,False,False,R8jbE9Puapi6XXWOPUHX2jDWvl5rdiSYAVDsxHvl1rzaLg0,zjSfXMA0LJcR07vxHEEA4Xg6EYrXeKKXZzNrFw4I3nua7h9otbia-oPjZg5xT8W_pCT8AdyD5_FUXg
1132,I,Shinichiro Sano1,568,502,False,True,False,False,Yq7F1B2xy1nENZ7W21WIfjq1AVRFrZbqcVLRvDGLztjRHW-B,1W8VHEXZLDuqz6_U9osFxpXVxdsDSO9QxYU0qqhGRRQkwZR3w-zsP1iqUJ7dzkdMUUdpdhAFgNS7Ow
1125,I,ThebesAndSound,350,293,False,False,True,False,roVFvvirjV9QrefDjSXPnpKjBfcsZQ30od8sA4zA4DraBmLJkQjm0z-8lw,DEw5NXlOBai7cepwL9Wck2jbY-MqsCcxecfaXJBXfHZcV4eK1bDFP_OG_oKamPwMNvNfZbIcT4NVJw
1124,I,MartHR1,428,361,False,True,False,False,rXToDzFv5_GcIFvAX7-Bww8_-D7QdgZwtR6o2b72SCCVCSc,1hhoIlg-E7JtcD0V0vD87SJtsGv6YDUfUM-IJv5fe0yH3y3-Ry_6en3UPXL0bTQYFhJTtU3tzu8m5A
1123,I,outwork everyone,701,648,False,True,False,False,8oc-rRGRBi5vhM4c_RmFfxIgwo0vtGmej-YADXDrhoFD4sc,ofUkQu9K9jRzc7mFJ-xGVPS1fVj0AZcwJRxsAG50QSGOPrrjw7Lqq4uoC-YzYi1NsK253NrGIsZ-DQ
1123,I,Peng04,532,475,False,True,False,False,DHSlVeCugmw4ILaAoFyLZZU5JooSDbIwXWUsV55R7_K1D4M,R_yQ2Ug7gyz6Z36cPWpwvQ2saQ1bg6uLhBHw1cgoYLbvLAT1lzjp_LNQR1WuJcziXZEHbYWgaUHAqA
1121,I,Morfariusss,352,289,False,False,False,False,uW9jdqmHVlYtNSrN9koItxUjdcIRCZrCU7slkmMFm5gEnXqp,VyFNPx4_HmSMMd5MA1KEdf9Ho14ZgZgpsypumKI6V4tDk7kXrgw5EGMu-6-k1ubrUy04yKj8iA3eTA
1120,I,TW Ronges1,545,476,False,False,False,False,oiMMXSHlzHkUI1ayIv60i0xxW4DUAohvurAVKMe-bh2bW2E,Xr2Jr7bz8n-j01C5yhkEuSW2hUbaAyD0KGhcEkdwPFiK9xf0heulo6uLMhi9m9RSvcXsY9hrQbARlQ
1120,I,2023lec,232,198,False,False,False,False,Cldj3pL6n5iuytOqk0TTSYteV8d5vObVBbSqSw6rJdGE6YI,UaOij0Pa6GBseCu4OFI5ueU9GgpJYnK7aG6t5wrJnbG9DvymI1YLWzominpWZnY-QhhO7TZm9gUgkA
1118,I,motus vetiti,191,144,True,True,False,False,MfUeGQ90AlPExoQ57BZ2sJIIU2wmvDlHrikhukRVk9bD6-s,sHH26bNAP_SxJBMCxyNXCwmQX7LQNi7fZ_CGgzFQOXBy-sFpzE0cjM8szCC7786BlWnLL-Z0d_9dPw
1115,I,Misanthiel,513,444,True,False,False,False,lSO1wnRdU16KYF2G3tmhRFXo1rQ-SL447fG6UIhZgqSmZt4,hC5ff32rDW27hihVl2lhXBEP6ulgO0xBv6KUHfzo4VlTS9w0Gm5rvwCDws5x2w4KcAQ4FYt3JdEcfg
1111,I,Barkoon,723,666,False,True,False,False,JLmnEowjy7K6A5MFzOv9vE3ToVJW-kWbxdDekVJ04oiUzyw,DPyZ55LOem2WRvMcX8Kgm33tDGovidfhNrEGJoKYI4S6R3LDj4j4mL9BmQVM2-f-DYv1J31nNELFfQ
1111,I,Hεy lol,316,259,False,True,False,False,KD0uvo4DI-Lx_TYVevuQfP6Q8jCo4LGOwNBTyfg-FT3i0sE,DOK0IHUWyFr2owvihYOcSsuIo5-Cq_NP5yEEGedyEDMTCE0yZoGt3Rn_Z_F_CXepyvrgDTsKw-LqLg
1110,I,SLY Stealbag,192,169,False,True,False,False,sxn5tpeNsEi7FRVKGYur_9T7olDm4d5pZg1mt6KPXGenjRY,x6fG-mM6RMgdugLRHxuBxbzLv9-nUcCkGjx6vx4YX4ehSZ-XHv92-DpbvuLdHG7AOvMx1IQsfI6GoA
1109,I,Koupfonga,699,646,True,False,False,False,PIlBduyc0OUvva0XhTx87CO0hwY21rJ7kt20Quggc4KTCbk,kWAZ9Tt24Jw332cryCNUM0-WzvKob6_GDkG4UYfQbwRJcGkR21JkSldiUFERtL-OJOqe7JnLJwBYIQ
1108,I,Tore den store,347,289,False,True,False,False,z8MZA2qHoEJFZ0tTFCc0nI62BOP_83MA8IxWI3_WmWsOdJ0,zC632dO2dHLEcn4H9k9mGE4D5Avah4xngF91IEFILztQUaQsHevQMD4-0y4ibJjLfRv_BoRAwrTwBg
1107,I,MOUZ Lyncas,304,235,False,True,False,False,uZavR00GZ1Sw3aT1RV1LpETPGpNFZ0kLibimJnGUwTr-Jrs,e7BEHoSv9G9zAoRZ7f5cAWzQFfqa9Fk5oznqI82P7OPb3IM5XRav_g6kVf_r3VPo1sv9m9y5PxVFAw
1107,I,Engage,460,401,False,True,False,False,VE1J_nZDkEKzt0zgaVC1fzsuQxxrt1bxjQn392j3ca4OyA4,Z9_vdCiCLFW5Munotgs-PLjbwwjlimnlas_ZlbaVYjs-22uKWHYrp-ycdePQpsmAiXED2gLIH0DOzA
1105,I,Rayito,275,216,True,True,False,False,M3skISLey03FW728D22ICWXx1NG6-N6UL6Zzk9u_6L9uWjk,tOZq97J-3chZP3f_NuMp13ifA_NhRHQrJvQX_RhLt_wOh8Y0Rfe1kHv_Birfb1QYzth-YqyvQ1Fthw
1105,I,Sorya,242,182,False,True,False,False,WQ0sgMDMERpUdL3peyzUjEVVYimjhJZgQbm8mCRO9c_KJzJz,3-ROsXhb_fq_pJwufRW2CltxUsbNzvdtVJVNutJ-2ErnTv6FRXFrD-wopwwyGoIP5PJmvAW3RqseLw
1104,I,Beanovich,724,665,False,True,False,False,0c3MABzqfjY5QkZtJf3RnLRkcJNfB0-9LcWuy1jGE62Ow5I,67DbNBTsIaplThg1XVQ7lOGMmCt7IEXbZz-axcLj5DsMb1PxQx9CFJx7f0-AK5VhjgjpNoASfqjJPQ
1104,I,youtube DETDERT,694,635,False,True,True,False,krTp39m5foDKTeZjKUCEA-MAaP9c4lZGlU0zUWOavtOPoNcS7guPvfePaA,Af3dXLqapRvtszYx7NSwFIyDThDOgDuHd5VPv_v-co7we5plVCwlquyrgetWsKBeUH6TRJaAbcIz8g
1102,I,Wx Hc9999na,294,269,False,True,False,False,oUhte5LrdPnhgLu2jA6yfLivRN8Y0CAafbhVg_fATGm0X44,Eo4Giy6AfgbuhJReXT5TxD0uJKCpLK64Cu3AuKEo9Gfmmic-pri8y__jkPUGEW8kK3T6aRnCNE2YLg
1101,I,Incandescence33,275,212,False,False,False,False,cuoVHI-WTnZR__uJ9UIbGUPtWiGLlh0gibqcg3JzL6Q8Qjla,lj4J6RMD46XGfFM8bq4bVI2nynnce-dv74VXZXaUuCgHH9jGiMB-XDxv8D-Cm72lZqXjwBOs5HWL7A
1100,I,Shinomiya Kaguya,655,597,False,False,False,False,LrCBO1PhAlFVXvELKt7PV_d92Zy8pkn5s8Wk1jYKd86lNYxB,rxnfP0xqZE7QQKv1vWmddNtaIWiHBhDWY5W8_OtEiX1nbLFnznYg8LfYfCJIvQxVg5sYciKAac6MCg
1097,I,Mr Bear Market,309,247,False,False,False,False,Nu18IK3GhG47XzTP83BUx8F1G038YcE6NG2vPD-Klll7ODg,LR_Flcg7cKqg2-ra12aUkwafGAS7T7gYZPTAqbV6D0hEmnG2bFsd6uxBo6H3Jtug0hTmr7M11eh2tA
1094,I,Tobi4,441,355,False,False,False,False,9-YkihHo8B8_KCinpCITjtluZMdJB_TVtoP5TSy1fQ-aadk,dp4JfVPn1rYCCsrniVcs9vnscKPF6-acmLgt98dGCux5xI0TOTZTHC8tIQc33EW6feygZpHaeOL-ew
1094,I,Tazaku,237,184,False,True,False,False,ZG8sgKVTnIGR7uuDASK3fmTQyZEkl_5rDfc3fQMvY3hdJw4,LSXCE4_JJ25U_SkJfou4DNLvFJlClE5bT9MX6iAXxb-kR_bTOKOZ-1qEfRJtxEp5siwogqRbLT_QDw
1092,I,scpabomination,507,439,False,True,False,False,3bol2-ATRD74WraPMEiRsJ23Cw3x-22Iv0vpfpeFDOXFvSc,SVYUHlkv5rKl5ZdCA3TlG42sE3ybzkoaPmjkcdk1wMop43qYzVgLVlrVroPV4HNLZ8w64VAkbPtoTg
1091,I,be like yike11,323,266,False,True,False,False,fRYeAS4hTKY6hSxlX2tnNVO1V5cKNnHiukH0HZ7mK4B9KB0i,Twbim15h9wU3AApQi4A78oQIwm3sxapZVjcP1il3n_x_DdjaijDP26HOiscqrZPts-mxJeXJ7Y4A-g
1091,I,Kobbe,306,257,False,False,False,False,rFS67XHdG152le-dNb-EQ5c8bFnfY4DrEkCpDeUhkSH6jh0,SHm0kDCi0ls-L-iSrD2H-idE6SL3iqvkkudze1M709cDkYdvZnnce9aSPjFT4rL3iDXvpD1CCNTI0w
1087,I,miserable00,180,128,True,False,False,False,qYWYEm9LjNm0MgBbiqSRcUwi38sURFfl_CF8kssjdNTXh2-k0F3GaSEfsw,japmu5yVYhKDM6DkD9unmx7z9ZzKXf7NXVo0mVMdlwCwHqBVM-2EUhsKQonIrKSVUUa97Uoy_DA-dA
1087,I,love your smile3,235,176,False,True,False,False,5dLpjbvYz9csY9hO8fUjA3PoGzxQHIC4BX3y34SkxGAxO3ji,YpgXb4ubuaaUfGnuifstiM3PG3UktE3alaW40vSMIQLqTiGEr0ZzFVtdFlW89l-DbU7huLQY7sj0Kw
1087,I,DlPLEX,363,308,False,False,False,False,3S163zGbs7hfZGTrmOGVpb0fgPN_rPBCULt7u6KsMpu5Mao,lFDkbJSYopG3-jR2f0J6_0yC4YS5vPhVCBorJXIPrK3imPMAFt56BFoaN85qNCM0ZPEiecO62eh8yg
1085,I,ULTRAMENTAL69,577,518,False,True,False,False,E6yeg9X5GHoTvI6naKN9NtLQqZk5kUC7t9FzBhfjnijeWAE,h5BuCDDH1SoJEmyluc3q8jgiVTP8oked_sNt7Isod0nh-ph9OznjIZ9DKSlWFZBBAqlRfs_ZWkJ_rw
1084,I,Kenal,472,411,False,False,True,False,7t4qxRmPyfvN8PoTTSPoLh7igz-VGkOflgplhZ5JiHy0L8Y,W5lA_A5jvvbNrtx7evHMHYIoT23uAS_v3cpwSpGxvgwOqQzBuNmbhK7pCPrt98TqGZG2Ro5I_ptO9A
1084,I,Kusa o Miko,665,608,True,False,True,False,izEdZXjy0wMVWg5Il5h15Ed9_S3KKElZfeZkjbOZvGUlXJg,QIO_CYPKpoZ0x5SRv1jkxKo66NZZnTCDxujnZBXH5CJQ60xBVo_Uc6eMqTGe3pjo93-AQ2X0eMYLqA
1083,I,ACD,361,296,False,True,False,False,glmGBb72_68zOMvHPzSFfg26Dgy3pN9H7_J2yHWKHIQ8e18,1vbypBQYiuO4zzbVEfwiVHFhuZt1vdXKfsJLx4N729hxSvgOnsqTFeztClJsQ7cT-iAzshuBhCZ8vQ
1083,I,SLY Myrtus,681,619,False,False,False,False,PCGa0NsHHcnjFiLp8dGtr4vTlkprUaGE7ovxk8VA1nrPCSQZ,hoCIkZZ3NZmwEYq4jYu9Kkx6rCtcBoUlcRIqtfZzeCMiLWapiGfh-BGomiA1rPJkXIwowAmMcPrx4Q
1083,I,ME Cody Sun,381,323,False,True,False,False,F8Sm1t_cIq-qV9lbaGQKnYxBqHKwE5Wv02BTYdRyWVllJ74wzv1OStD3WQ,3Qm3m6hrdEb_oTuMxEcGh0HwSTbcxhx9bKt2hDGhVO1putOZZRPiR23myVaWsj3LrT9RynlHpKFkHg
1083,I,darkchri99,688,634,False,False,False,False,sAboQC88bp7dfvpAfy5TOH2HxTbQvYqmBHmsXDDyOAK_dGU,fXHMMzJr6wjSBaKKVnPzQVHNeJtb_M7PAEV9J8ramSmz22da3NZ36atWLslJXG45yQyxsLFLql6MMw
1083,I,Furuy,252,193,True,False,False,False,TK38b1L0RvOIVJb7tmAADSJ0d9gpHg2YMI-QmhwI5GeOIwg,TTnJiB7OeM0UFRqUvqiAMimedTb4WJ6EX9pjDlW-XTCoMjjGzKnCPtD64TvzsZ4KjVLw5YrH9gQv9g
1080,I,AØH,300,242,False,False,False,False,tb0bH7PQCv36OWfSa8fcSOZe6SfNp0agb_xuoUIBk6YgT3C6mTnDp0B96A,51phuHJxa7Eeaz7ibQfgFYyaP6H-pd2Om5_1eTt0lV3_rM3-jYmuSv7hWklsNRtW6VvdzPiyqJxPGg
1080,I,SUB TO VEIGAR V2,343,288,False,False,False,False,zsACSbXZSveIJGJnoS3q0_EMSDArCHHamDxBGpV4mvf7nk0,DOXS8fV6nPK-WlyiaZkRXMW3fl3rhGcmHQPB1tQQyxl1KY3qvUDuNThpTTEvRNDuoxryChUctiTMhQ
1079,I,Vizícsacsi,276,217,False,True,False,False,kaQi3VhXebu8-THfD5DeGU4PpwF-snxqaA7Dq40om0DJBM4,MrLckbdIEPcTyJEJDsgyunwuB9WpQsz2Q6HkciWepBm25Z8iSZGVefDn2sTrB9qyTph_jSLIEOLZ9w
1073,I,randomjekid,224,210,False,True,False,False,ODShBUsDEt-SJRF4fkS8_5qmm0i5qK5OgWGpv3fzmm_tL2E,gWCL4QEgcxpdM1XtY9TmhUpv2RoBgjSBmHVM-u1xMN9WHluZu1gyVPRFegWiccoCxv9O9juOUvxajA
1073,I,DIV Impulse,819,752,False,False,False,False,wN-qQxdVYM3nbSdl1Euw2CT-vDVo0dTvxEiUGlUkeHsPl5Y,pR2pnBk-9szmIsEi9vKd7JlthS8o-id8h-aEviyyR7ohLRFL9RjbFTJGu_zFwGFPRun2Pt4apE8UHA
1072,I,Fleshy2,207,149,False,True,False,False,WkMTABjhA4cOCkz7V7JKuXpFBK8DtprKkk8_37ewGGYubny5EDeeH6MAEw,sZgleLEXcLholA9YmM6ac1Uf9ofscMrXRnKjNJxM8cyQX1GmkuB2-ks-sbB8D4dEsElOTp3Go3nN6A
1070,I,SIUUUUUUUUUUU,256,206,False,False,True,False,GQFuU7SmtzTXrRTXaO6jt5QxN16iBaTqamrzJlVCi159f2to,xNymz9W74z1vHStYIGgwoHl9F-i3s9n9v3sqeneHt4szyl37FSj2OHmJJv_JBikulrsFN6EnaWjl3Q
1068,I,Nice Guy Ben,423,363,False,False,False,False,2x4-2RFMMWPJQk8IPyE7qwTyGJOoglLBde0EkU7qp_zCdMU,I-Jd4lrdvVpO1TwRKEPpfl4Jq0QpP4QVh_iz1DbsB2qyQcMilzA-o9391wFJF24IdJVNWFdu6XHs9w
1066,I,ElNS Prime,251,219,False,False,True,False,EQA5wAuVJmbUSBnnOvcVsEM03S1Rj1mLnr5GNyI__AC_tyk,1A2aHUKQLrNT1Tyia_6OhhGWoryXLtOLHEVwYs5t8svdIi2oDpxPX991Aa9KeclVwh5qkbyKz3nVoQ
1066,I,Odysseus131,250,200,True,True,False,False,5CJEh1QoKTKA_S-9l1wmj1tK8RTNmpTbCOp39S5euWFgs54,1420s5nF_tRGOW4VOBBIf0TKA1UQvmHyBTRvXGvARqJFGxwiraEj67cLZtWyEEp0nbwrPVtfJ6W5ZA
1066,I,Ł354,359,305,False,False,False,False,GOIwuyP0tzxHQtPNoTf7lg0zJ-2KI05fxueoFAvS7tT4Nye-,cnORpukaFboK4Wbe1bvDbHrcF7ZiBYKd982toq6PKKl7hYks6sDIpMXW8A97qkfqgJkeuBhHfr-Ntw
1065,I,Retnyam,265,208,True,False,False,False,10h78X9f8nQCgf6pxvdqYY2fj2W6gEJx08QqgxKOdqAwMZjtoYnyXsgNDQ,qgQz51NvLS9Pq9Qts6iXrGkxzSvbPCObACFpawcOt_pTQN7iqpcfUqWHbeqG2mZ_SVf3UlpZI8ooQw
1064,I,blind vichen,466,407,False,False,False,False,oVFo5aOYi_PvUg3TstYUdsu0QIc-3wo24_BiXwn_2MMQEo6YmrfShI9G4A,rrBT9CZsyIOhMI-AP-784lsUpxOqMgXUqqLVcB6ccL-a4wc5O3iRlL6PLhGACPDId-lbVv5rBaABHg
1063,I,LFT ADC,111,78,False,False,True,False,8CPUY_rCFRTIhRISYyvzAzVeVAqmxTV8WCX1hKyRxY_d61c,GMrkmpF2cNGnneAhDktsT1Rb4Af13BpYpEAjctcSTYS8iAo5VFGzQKqXXMXEV3XEQQ_crg8PSkFprg
1061,I,tcysgwq,667,611,False,True,False,False,xLvE1wTA0plqaOS72bI0o9Phe4V1LWtxgdb2QubZEX7PAWY,QnfKzVaHQG4s1ekiGa45yHWXuqOxMRNSfiSi8udXzHQDdWjy5vLkzkfAfMQxjkgM_Z_vhV_UvGGlPQ
1058,I,PatkicaA,374,314,False,False,True,False,5mxgAr9gQLSTYe9Sx4ECx-PYbWPJEbdzIilWOCmgoAIUCXI,vSZ5PM5r3Cs-rJmCcv5bIYCiyYOXqlPwdVqA7qZ5fTYXovVWAFxYBV6U-CcSvyf2XfU71AWAYz443A
1055,I,mynameisclarence,429,375,False,False,False,False,uESotmYmWPzd-Ofcz_bwYW2rVwpMNhuO0yqDXa4AVDor__g,GY3hmhDFSlDFtbBmCzGFgTXfij2h_2gJfCTg9KfIGbHyjtBSpy_yMCIj-nleY85TRpQ9_Oz5K2uwIQ
1054,I,Jopa1,364,311,False,False,False,False,0NdxaxJ2dccNjJ9_1-uL0AVbzFJGL4ULsvRAeDSRNaQ_8yeS,ru0JQQrqX88TCjLxNlOe2IuF11LA0U5F9_ZNWsMJXm3wT3oFzqJn236Mb5w7nCbRW_gjg94GEaeL2A
1054,I,elyoyaaaaaaaaaaa,380,309,True,True,False,False,kq_1An-V46o_wQER-ZWiFHjPAAUySgQhQnxWqoLwWf9gLoc,jWtZj1yM46-8xm0jmhaTEjMyxOuUyHBm3gMHsxcXZYNzUKE4U9WWvZ8QcjqmNVyVzIBgsB0iwz6SGg
1053,I,prenda lo motore,142,105,False,False,False,False,SlEmSoWnDc2MblGslpqaL-h5oQcj9TtRocH32hWbpBeRm8UL4QzMZJEVcg,YMTXP9Kl2_BEIXZefdVpEH3UVCMpjmU7463MM83c_qW6POIWYqkBy1-AM7cipiqv3EGDy-WLc39rFw
1053,I,Porsche Kaymin S,321,263,False,True,False,False,1S9mCS3-kFG4py7N8fCnlze4ufWG3TSUzmJzCeKww5UE6zs,z5OA3uzYgXGEJjCCMXGyBHbYJNZNo2fySgUvVwrLkRcHKIn2A9MvXYLDPIPjEyEOkyMg6jdpwoc11Q
1051,I,Shending Help,257,199,False,False,False,False,5moCwYOSAxWSLA-aInLA20LAaFfdR_cawUEfI_po8CLbZQw,VqP770KY_-78bGi5XSBdgjViyJjmAtR-_4JSaBJztrjsLxi-YUebALpZ9LbWzM18x8D16Ic0Ff7eQQ
1048,I,Maςaquiñø,672,610,False,True,False,False,ZOib-cAi7lJ4L9VZSxO09WncxLwOfQizvPFW-ScJPC7luUs,x15Y_IconnqsUDEMUADNgXazL7a6z-AD-Vlj4QTz-YGGGOTPHsVlJqqv-oTIAc4-iXh8ISkYWdCyGw
1046,I,dejan1,516,444,False,True,False,False,-fdxbhC_c6QMxCKr_bi1V0HxRYscVTp_20K6m7inKcVpdEo,UlDdYoMMieaiwiI6mo5WeKEztB55phHkld7TJu1rJfkdK8YWNbq3JytdJwZRzArnVbostG4bLz3jHw
1045,I,SLEYERCOOL,900,844,True,False,True,False,0eBMvnL8rqCNzaTgJFTbzUDeGNPlMnzCIis60Z9GiaOVKbKQ,fmgyFB-cIUGgV2D_en2NUVKOWzet4H0y_Kd6RsBPCQaeuSwm4nbf4gxcWsOYbm03tNFBNU0PM2NARw
1044,I,Polish LeBron,1159,1090,True,False,True,False,xAbj_vgrx3QjcBOB8FwH6UJmzqVJ1lr_itvi1eC6anPC8NvMi5Do6XLC5A,KOxpdhPjuxlkt1JFF6NrTh7K7OPS9r7auOBOCqIAMr-2JjWJiD5-Y6qB7er2acto2Z3RdcD5obby8g
1041,I,ide na kórwy,121,68,False,False,False,False,VATdCxaXDojx4iEyA_3DwmbMVl0iawZGnF811480eSYf0vXPU53eGaRLKA,7ONr5GKhvqGRYycy3vjS640JQQ5eWPNZDIypk97Jdg5L_3PtT5JWnGxt6AlpoekyFFKSXSHO8Kw5fA
1039,I,HoIyPhoenîx,761,701,True,False,False,False,EyvvamqaN8juFEm2cYEoLEl4T7BQWRrPunIV1d780SzUB3s,NOoB8CE5x8YBEkmZ0FRP_OaQgMwVtfSBrRNkptawq0RxrAXrKjXWPWGw6QG7oTJ4_c3EWkIODGavHg
1036,I,small pp lunddy,262,210,False,False,False,False,ua2OUlpm3lAim78DRVRFEN2S5Q7XLxpM8glkJCIDMDcNcu-GPzU1NPxfbQ,XzQeNXtagZaC2A-hO-M-SawTi_JBuWHBfIxwd6sYJR7zUFYFJKk1tHg9w2EfTsXVDXIWRflz4h23gw
1036,I,wuyu,210,187,False,True,False,False,_GwbKPt6EnqF2ifvdUNKgHFktdgGw38RJY0EjkCYPPS9dE50,zAWYzCtyhX6nPU6AuAytXg0iHQ2pua_OWFzaJbzLF7tCmdnFck8yPoU4G5Tr1EvdDlx3Z0h3kq4_Jg
1033,I,Thumbs Down,368,309,False,False,False,False,kWOm9ENqvhXOnXf4k4Ly8-PBXCJky2-MY0DrEJFB_8X0Rkw,ViG1IsneoXq5vBGofYQNTAUOr3vfJCtpPRgxAWQw4iQKaM8BUgAmS04880_8bFDm6VXIbF_GhGlc0Q
1032,I,INDD,468,418,False,True,False,False,gITj-GR8mWDDPYlNboslXfO2RukHTlUoaRJ10NeYxlNscNo,O1lMlg0N1lbcPp4GFSiEVhMY43ilxsLL9YunwUE0I-3Y0W8oLQuLYL9-VOfIe5KspyEfQUGgY_rZFQ
1032,I,τoτ,161,143,False,False,True,False,DeWPxwFIi7bSUMExE1OBLGOSDITXPt9Dt7qbjZwn3nbgv2U,vPtGEk2RTDjuKi4gKHRY1qtChRRCEgn5d2el2dt758vDCy4A_AtuJpA3y3W5CQQyK8rcyU_dPVA4lw
1031,I,MAD Armut,379,314,False,True,False,False,hRIt1JCO2kGRn2SLVhQpt4W2XJca8FOyIxwE53bKMW2sQUYr,_z2N76j4S7wOlVyBATZNEm9uUO0iAeuABXXmd2I48HmBlUsaDhO8u3MHW9aa3J4j_NZ3rYDNrrdUXQ
1028,I,bob lelectricien,548,504,True,False,True,False,vi3dFgXRRYvHyCGp5GbAwk1MHAytGdFbEyBbY3T9x8qyZYM,mVcMS6w_7lWzLGuqXTTnN0w2WdSIRnqOiXPiLWs0AGZ0pNOx-58aK-kGdL8b21E-X0gETBRAkFZ_5w
1028,I,SPOLFCEI,725,673,False,True,False,False,UHJm90tj4e_5oidOoq5rB8_7hWiIDN8gHm6OiHtWiiZXmeI2Ec2EaScLDw,sUifSQoWifdn0p1mJnZQkAd8-jRQz0IDcNLc1l-fAVezzBGs6eAsYxon5IAgXOH3_wd4R0x0snFtaw
1027,I,FrostSize,303,259,True,False,True,False,v0DQAwDh6skQ7XPCUBdgUehZV0oxCorurs-44F9MNVeZNq2r,EhW4QYhXeHi-FG2b-RzUU2Pl9M_faX0xhOwaFQHZwQ8ZoWbPQ9bMusJQBA_Gr8u3jtwMFdxCj7i-_A
1026,I,TempUser,541,461,True,False,False,False,zsSqtuwUJjsPtrOA0GX17iP9et_PUTyECpuL4UboKCPqDsQ,ntHurum-KC0RPHq2v5GEqoUhoyVYTnebtObZaNGSLfNcmYvCKj6yCFBljcUF_Whm7LmL4n1lDemP6Q
1025,I,ismaaa1,299,245,False,False,True,False,7Oi-Hm9lQ2p0oA6Mqj_SflIIgR8UyeEhkKwkwyaIIjmSUIA,GAEsCPo8olUwJojEJ-uWMJiNfm0h4rcOsN0b6JaoZIwfQHiCltBOnNDnbcPNmNcwPHPFYwN0xrIr-A
1024,I,twitchtv Makkro0,495,400,False,True,False,False,OBheHHRZrB8mFVtE7Zmu66qAHrTHGv5SGU6QRX1Cjpx2kpM,qrFvA0UaySKAu0hgJMr1X62PvTwb6G14gir2Qhf3VWpJUaUb31Qx-tWKiR0RJw9xRFmBJAtK4Wg3Rw
1024,I,x ZNoW7FoX7Z x,418,375,True,True,False,False,nZdLeQ9K3fNBHL0CRxohJ01BWDluUkChxHLIS3afbdXnrdc,_m7ljBmLBBtzfvY3HpucKT1VvSso1IS2ij3_GSQJhRp0pD_GJag9i5sFQs-bzEanYGhEX4HzPHIpxQ
1023,I,LeBron The Xuy,178,117,False,False,False,False,CaLVbUEtc3UHCvPC2uzZPxdNzBlsYp07RajiG84vJsToJOK8,tiVzwb8LXIn1CKPhTD-R92o-B_6M--QOlPh7ShtJAyp2UTuw-5kachXGGl_1ycTe4HdZWdq11W1cQQ
1022,I,ooniiichaan,269,217,False,True,False,False,dhV1-IegYtZ9cQSSTEKJXmfvL-AvgjKjIabsfwF_73XZqTkC,Nw8flwfNpi1PrxyxLsUGmVyB6qoxSZnswvsrf7NpaiSr2LiMXcCahFOXX3lIPXKt9Psczsx8lUSu-Q
1021,I,Ràion,236,217,False,True,False,False,q8q-TjfLnrk-hytjEyRu1mii_0WwFDFou6HHxlpkcDoyjF7RR_wl8C3xlg,Dlwt5NuagHJ4PVQ8YrVvp8ubOYI4hwAFALACkv8oq5bIXLmq_18D8vujqL80ytzLH1N2rgZequECCg
1019,I,T1 18 0,175,132,False,False,False,False,g-q533z31t8-0gNmuTtpKljLDcYDjBaG9GKIhHJJwx3Lb_l_zXrkxGjIPQ,zahfbGTUD5XmXKiijKwt9-kngEgx4Wfn8j0vaqfkq2C67-YqtqG7W6HlqvEZaW_84mIGSv7vpHeSYA
1016,I,Bandicoot,386,324,True,False,True,False,EM2Gezmzg-0ibTaGMfItcl1a2elTZW7M_EmrPm5RkKsQSPNI,OST3XVa5JWQUJPdDb_QaxoC8T1XNsvsPae8QQ2RjVF7aXoRRxF5R2MbsK-C8fej9gJ21GPuvc4ETjw
1016,I,3rd place king,464,406,False,False,False,False,ZKbp5wX4sFDHeRmyhiKKnt9tmMOer13k5R2G8Fn7VbuWasOv,SGlmxVyUXBpZ4R2BozluB0_4vbXmuh8Fbl_qMkTN28KnJrbaDsIrAqMWVXfen9V_C3kk0uoi0L4l5w
1014,I,elegancko,568,515,True,False,False,False,3Xz2fkVUdbqGXXStWYBe9mhfs3Rn5rfzOn-OdbfLGPNkwsNG,LtghPA0s4pv_AfFmkdbN3SQG2eBG7r4LXlsMA6mUfGgpE-bgb9I4RT-3XsxChqGCNcDhFEQbOPxD-Q
1014,I,ENORMOUSMENTAL69,363,282,False,True,False,False,D6_KVTkdEDQbGjBQl_8tOOwI1Rgc6p8lGb8zarO-tpvOq2w,jYZbVHxvPkdS-3pRcLC6oTjKNeq6X8m8P7GJCQKaEKBxF6dAR4Fnhko_kUJdhplvcxbt_n0rokPedA
1014,I,ddgodV2,129,84,False,False,True,False,BzA_-xyLJSNAXfBEKXk4VAjvOwz7oROSgWDQqv6-ICX-PHY,XSSMDLXsMFYFH4EsXwUDoEdMLCNlLqCzzuyIYFE7JtLYiBGji2GNdFLvpPEyK3OfTh4r2GNu1qDDCA
1014,I,ESBSajator285,313,294,False,False,True,False,GC2ade3eIOckcIHOX8oSBoQ0lciG8112_Whw260q5DHszaLg,TO2SaVu8yrr6SvDcJCx4rY3eoR-_aq9oGnOaK3KDjw6x8SwTQUIQL3YH1R3wfszGNlRmhNkXPln6UQ
1013,I,insomnia nights,686,632,False,False,False,False,QXEd6mMC-SZ8xvCzohagpyTCYDjNpEOz3j9L_xJjr1VN1FZTjbFdSQuEhQ,zrCOrvBC2rvjnsiPOeUbP9LDW8kL0QTkll-GWRyh9RAlwEyIEIt-4h19yhIlfp2ZK05vml84AHQfdg
1013,I,Cboi1,203,148,False,False,False,False,TudHG9mQPbCFY_Vf1nbQo1LcJdzs1YAgBkjtyPKppCOTNrKE,yIrMjPzYN4ksAGNBA9Vcq7a4BTGYk2hfK0Yxwk9O-6iXoqH1K_daXFZVWu9X8H4JGUNCHmmCqulUBw
1013,I,EU Kanavi,175,144,False,False,True,False,y-5lqMorqxmlIVX2iL6Ew2d9NGI65STwBxRqNJnjEUn63wnl,xguFZ8lmG-adbkTDw5EJ1nAh4aZ_Z3cZRLNm3PmZw6AdfyXQk56vG_13UJaDrHwjL9L1EkvFo4SycQ
1012,I,Mil mid,204,142,True,False,True,False,fPDUk2omanST7eE4oUhu0yRaypZbN8P3g92UAlwqWleABCUS,xmeRj88LDEcIUT-_0okqKvmoNSdWTdxh2pBHYXGrFywdBcg6Ibh8D5cHiwO20F9U-0oBm6nmMdGMrw
1011,I,KHK TLamp,322,262,False,False,False,False,d70l2f318uwfmH-tO_3sD9gIFWFdip9G7ltMhvNj5pVzkLk,dnS1Esx2TZwd5tgUnvS6QJKAKxgQJ62e-netu6KlhkB6ir0xE0w2ePQnRSme_g7xAWwsdKsemP8YXg
1011,I,Guarding You,313,259,False,False,False,False,Oujm_GTU4vwXUmwfW81UOnen29cdHUKOufWupFytvsUyiPs,X4T-XqUeM_ksITwknHId7c6ctLFSdnDQRTspW0HgOl0CWNxrNM3d3cthBPSejC2-5hrFgvYtJP-k4A
1011,I,Unméi,366,302,True,True,False,False,3AOZ7V-M5FA3Mf7jfv7lE6yrNsQKNkeXXYURysM_yrFcj2I,omVfQLqq4tNS9u74pTqVjYPiMB2MrzKmxxeq_I8EYFHVzU1mrS5sgyJTP3otdTFOpI8za7VSwWCQjA
1009,I,twtv rinanb,263,197,False,False,False,False,qmwRxt8oHhZCqle4d16qFsN4Z36UCC_G2H40YGSTjUE00IUL,i5F8R5_RXysKZrrABzlj0m2y1s9Grju-e0_3fD_Aizh7S2sOOVJlHlo9XTcMHeQzISKfMHyOQV4NYA
1007,I,Apelka,330,280,False,False,True,False,TuEzLjiXK0bOx6fby5hUax_uIg1bTKTx_V8yLWWzULicPB4,4OfEjAE_bGCaJvT0exEgtMPj2I8D2VRt2MLhDqGouswU9e3aK2fGLomRNzxeNISsTncz_wATN4EXuA
1007,I,buff tοp,268,197,False,False,False,False,QXCzZ4clxa6MdI0X8-oRjlvWbb-FZDNmZ4ojmIuEkNLfK3E,g1iB0CMntPVVkOeRZ2O-V01BDBfA2kFBmMFhS3r0BhphAKeWgweahV7A6Y-d4YseI7ZzqsfuEgSxWQ
1006,I,bad in head,142,122,False,False,False,False,lPt0_9rkBMbZoe5_1r5aMKgPxD2bbBvXnBEenKPNNPG-TnTXnOTSqieHfg,JB0wSl8oGxiZ2qJ2mgZoenxRIxa0v_Rer72z6Js5YIjkbGuw7OFTC5XrPMsYqFwoMllNX8v0gioQLQ
1005,I,T de Tochas,534,471,False,False,False,False,zt7fFGwofwGOORPYlfbOewo4NQHY6msurivBcKcfGv0SeLyx,o5O_iWeYz3BAvGSXZ5gQ0-2DLJK_4YszJ3IkkUWXw_rycvos3zj1b1FUT8IxBsSIT-PzGF2gB8mDQQ
1005,I,Happy Alexx,839,790,False,False,False,False,8U1bFxamY1ttsZ8dKzdHlwOgLQNNgMN7lp7w6YPsoHzbtUo,M74MWAO7mMkRlxHavIOTBE-1M918q19_E0u5E_1OYduZufS5Ua7m_PL5aNMOt6fOAwET3pLq-19Mng
1005,I,LE CACA PARTOUT,127,107,False,False,False,False,08cA4PcuhmUhbihZD1NvNTDEGZi6J-bP4sa9XzOzWEw30KQ,pZO50RQlY3FL_JkzrLdT95PPGUsyqa8XMW0wH2o8ibFPLmTzVpiGNt6yVXH6bieJxwrc2NKDe-BopA
1005,I,KE Palacsinta,202,170,False,False,False,False,TArPAcSl6kWnbaHWu6WUFePMJJVT6g0ffmUSr-rM0VWvgkYxZZPDlqXq3Q,sWxDqMl9bz_6vRHROMbktnVJIxAU71p1H2EvnPYCNhBzOqGgCVpJH0ErLXPjuwr4dkAyazAoB82DKw
1004,I,RRRift,279,234,True,False,False,False,gunfCuzg91w2kGcSjMBEdZTygHEZlU9DBpsoaVbyvL4Jgn7W,AN1ISWgQqnLaZKSQKZjMUPMKOWPc05TeWv_WcfcijNxg-UOoGyrDDgKfZQqmWHGEUs77P0dp1182Aw
1004,I,2023gg,318,264,True,False,False,False,Q7Zs1fgSFTr63-fTV8XDfZqXUe_cTGZW-lfCEydzE_raasc6,WAqWOC2p5uFYKBzKi7bPRlmkHUWWGAtnEZYgdVVIzb0qEfrDuxnZmKwZRBcY2xDW1fDcCHOrWQLT7A
1002,I,she a bit loco,288,233,True,False,True,False,EJzJqEq0BNurVfDwixPWAO6c5OBOH5VYWelf6lt3IMJPxyI,XGvkeHh0QYzJ0mvnVquqXjOBu_sz9NO9T4FwbrQfWilbWbOoU8-1Oh0zdGZImkUfYMZVMrLVQnnYZw
1000,I,Theunited,349,290,False,False,False,False,8mtAInKe8qJbz1YcuuHPsIjHen5GcBSm5xkyafkmaJ2ezIY,mDq-6u7IvAN3vw_kYSKDJ42LKtX8QiuJVyVS8Um_n3NZFJcxsKd_rCmfskuc3FwudkxjL7PhWPOrzg
1000,I,roblox in head,337,283,False,False,False,False,rc9yVKj-pH7QVBQT3SCJL41CdwCnK2JcemvWk9qPdx7mjq8,DCdXPWE7Ert18ru9OyRbSqhtqNnRTHbL1Tc3yLTbqiPlJClxejN64rYQLzgPY9ra7J-69ix6qjVEdw
999,I,Xixauxas,360,312,False,False,False,False,acPemSDMMuFdk7Bg-fJUQl-SGVm68N3s-vBXqiR-MtzZE1g,IvMbZX04hKAErYwux1Cs_mf4MD5sq_i1dgHYzyBPPI0oSDbBZxFeq_O91edN8hT3qu0gndqyKvcUMg
999,I,Nash3,180,145,False,False,False,False,UuBts2ptZxa0ZUGEUVqAuR35DCmgiDMA-idXUuPrQ6HyuQat,l1h4cHKcMckFj4j75GQsJYs8bW-zrfNdZYA012SQWWdsZ5A-mhTR53oANSYNmbtzNzAocxpIgMdggw
998,I,SaNTaS,462,418,True,False,False,False,AoQzGx8n_PBYbkFafBodbSefbsSr-6SxDXHpWyVKKXkEtHie,v6jnAfCd9kw8vMae84PRie6Q7DSKLO8D1fagbxGgSf4Pq86-FOV2qI_qlBjIPSSFKok_li1eou3A1g
998,I,Fressko,774,720,False,False,False,False,GRiGkd2ySFoFn-j26F3V4N7cGsgl2A0LoJxgALsliMx4n7_s,DRHnA6x56Al9PCa4w4mEzVs0jYSgxPlUYnFv2rUpiK6qALwgmLqF9BrtoLDZIY8gxuWVPxNAQMsZJw
996,I,TraYtoN,500,446,False,False,False,False,fF60gjOEH09AcQrpaGEu8fGbWcY1H-Im3zVKC7jvlTwECns,9O0-syvYP3t1ldQqVYWMXC0g4czFmh0D2XLVwcW_upxTVfAo1Qc0__ix8z_H_muX185tho7cDeJiYQ
996,I,Just an engineer,324,275,False,False,False,False,EWYb2aeaLzaXn9_zZyy-OzEZbBbWdSvcACra1yKeK9vBt6w,ABRy6pbLlBjXdwE8rds7-dCDYhMknwEncs8aHD3ugbcu-uHXQ7iVeFzltvpWpUyvLb6hnQMaq27anA
995,I,FαkeTaxi,366,316,False,False,False,False,XoCg5RAslC65OwNVhdZDSl9tLhwn1-bNY2FpDrzHA1jLiGAi,96-lYzRdMOU2vxaEAij9NOAqZip8tWlWTfmaULd9MNDkvJFb8_f5H5qZl64jaiVnMnre2GMv9LmVag
995,I,Killua ZoIdyck K,286,231,False,True,False,False,AuYm-UixvhogbJrm-E8U0fP0W4u_Rq8M8OltiLWON0pFQ0G0N3Ul_Y6rnQ,6uAzXF5rlQpiTQF6GDr-x9R4bmnOM1QdUJFPIRYtFU0MU4GzP3CWfzrd4WVzcWm2LvP4ZAVZTchhtg
993,I,Amaretto Enjoyer,226,172,False,False,False,False,YICLGmQOtOM-voLLIZDPyJw-GUpN1phrhAH5FcyKuu8NXx4,x5Qmu-GjOMSmES8EvVwy2YO56gCnubF3_MbHBky_jPNW2F0_85PtVrkx3Ohwf9z1eZkxYVpbl2iPqA
993,I,B Ζ,299,244,False,True,False,False,7RD1hsUyrXH3bubKrOtJa0JVPBPkx0SOxdhgSZLOIcty5rc,u0QHxQFayFtqT-KTLF3s407e9sBiKKEO7dROjVEhJH6FCgPbIO8Blxx0a1o-gz5J6sUND1pwGsw8IA
990,I,FOX AK4SHI,209,178,False,False,False,False,oCzcm__pU8VeShj00D-MRLy9-aiu7OLGUZg-urMz_p96X4U1,rowgpbVD3YDB5EJpbeJnFK0d-St08lVvIE8c5L4HIn7swOD3ew1lxx_SqD-e53FNCEVgHPyFUcKXYA
989,I,khtur jchc,939,880,False,False,True,False,Q0Bwn18fXVyz5vDmR2SUNMQ1sfcelr2hpWd8HNQC9fFQ0mI,YtAUg_jPkOBfNZMWpY5U0apYFYjKdO1R8yvwmJZkXMHjPC1ppYGPcE0fomu4On6N0M5Ty7l1pfrVkA
989,I,John Wick lV,206,173,False,False,False,False,ob7WI0dkTZMaFk9KNPRG_6Id3xqpGRn0wPn2Fr340NCoDOwtiPqhX5aZhA,k26Sgv3FdcpWkElJKF5XiqsvbnIzW_If2Y9HLhadCdHN5awk5qS0W6rhclt96y9HOH2h2DJCgq3JAw
987,I,tempqblmesawjagw,186,140,False,False,True,False,UJZRlRgJtAItvCZGlxZvob658A3Un3GATcPsGEbsEbV8N9jugOJP3EUXjQ,xpyW0IhZSd9VtOJONLi1LJIDbm_PIkoa9pr0dIwdKBiTTKDdI_Lknk4IypyHrhofMaYxRqFRcK4azw
987,I,Modified ,192,171,False,True,False,False,O-BpAIKjqOSU-3wORc1yyFP-bK_Yk47cCWw3tj9qO7q7AZ5m,R8hpY90FKXacDbRxyDrtU_hK6Qbz0AhZsX4pnYHpz2wL0kEyJ62At9O_xj3wI1uuNfa6WJN58VTG3g
987,I,JDG Kanavi1,165,103,False,False,False,False,zsDjU0USegQJEn9-1dLzn3RL-PgtXBf2IYGVAraDDvH1aci5,r9wtlsU76Sd8taBWlafKjmUlHscLbAQWIZRJx6jX3XExlV8m0Z7m7ga5Xlcmesuyfi5KJKHDGMqyzQ
986,I,perma pressured,264,208,False,False,False,False,KHnVbxjAmqw9N22qUuGmauee4DiqUCKTvLtZbz_bf6GYHfQ,EFrJgFb-ppZ9gGKbmhDllTLFU4jBNBqgbIkO1vZCcbCJdVZGi61YT2ENtZtwjwhInqYhPIsosY3Lag
986,I,Dragdar,358,305,False,False,True,False,hdOX2wV7qMxgVJrdQzH2WO4rFUldFbS3U-j7-z3Ef8Zw4eE,rcPQTsnZ1lhitZ3Cx7ZBbYL1a_mvNI7MdowktChAECCFPwnTxDO0kTatUhm1IHLpEYkwDSolVK361A
986,I,PIGEON OWNER,515,461,False,False,False,False,6gZ6dZcngerZ4hxH-1KJQ5Fz0vw4lA260FcBRVvkWL7Jp8k,YIjddD1Bp1vO0DcbGj9zGvo2sW93vvrzaOZXPQy6gpnhELb0Jhd_Z-U0WfN_5fzST_DBMRbuaZgSHA
984,I,KARELIASABUSER69,477,414,False,False,True,False,Q4ufdw6NEim-gJD8Zs_62kVxCrNSIGLn1DQZfP5j5dfPUtrc,9iKOMT3bSZoA0Jymd8iBO3kxVMVZfQYaeNgFaWCLiDRfPGXCoEBzp69F6qjuPmqxdCT-niYC-8-P2g
984,I,TianCaiMeiShaoNü,555,475,True,False,True,False,bo-BPdkIkBG0jrCOV15digK0ilp04c9Ph3vb8ftZjtHbKoT_WCUO4EsP9Q,g4_3u7yXvD5dlo3YXap3mHzgWRvMynrAOMwquI8d43a8YmoiTvup3WCWkEqeWyIMZG9jeqDhcyxZJA
984,I,AttackFight,206,177,False,False,False,False,S98BLQx040ecJVP8nLyaF_1pXsUkQOVjB67hitBZyhLNN0r37mln2v5NVg,VDZdcmfFVEpYrshbD8QGnJVjBrrWoRlcJ7CARy9Su2do5A5QidP-8t_ecHx7xVoDma4T_gJc71L8Hg
983,I,TwtvJukester lol,754,696,False,True,False,False,iAXmyTrmyTjbz05XeESwdy2HxJZa6DZwtseYammP8G6F2XA,iWM3giadWN9fGlO4A7q8KMe4b5uHhaQsoAr4ny_yL--TUpoPSGyULUJsPPQ6yktgVKOFelt0YdnhMA
983,I,Sn1lle,372,320,False,False,True,False,4XQhPr9mYglCg5MaW3HP87vjPvP2yisTiCm21qTizoE7h1M,S_N_AMp0baisJbHzha8xg5FejFiZfEtsfNVmqgVHWoJ7VQil0kqCD81piNeyXsGTjtDODixg2M13Vw
982,I,hayna,274,223,False,False,False,False,7doyyE39EZRNGpWrEzszcDb5D7PnJr0meoplWYIPqi-Do-gp,yosIWqnV1UMLWcRpgUCOGMEeMxy60gVB8DSA2PFT5ixmVqkL91TuAOrtCrjtj0zWNPPgxJJ2UxJyUQ
981,I,Alan234,407,355,False,False,True,False,c94W_jYmawQ5BYuV8P_kUxfUIpwRWlbYS9ujgj_96Thtgjk,CX2PSOM758VBpKBl0XKmmAPIM61mqwfxdIMF27K1GfKxP0upQSUppyTmK6b4y7MjCbBEbSdM4X8sxQ
980,I,MADM DenVoksne,205,176,False,True,False,False,FrRXwI_MHHFFNuGOONGctlOb-_UFURE0cM78DjtMh-lLCT9U,YiRgv8H0kKSUZnjmI7Q4W8VZr1QEPCJ58lJsE1aTyHpISu5nuogRBSHAnV0YiIbsw2wlVnjwmqw9Mg
980,I,Kæmpe Røv,205,151,False,False,False,False,kE-Mv-TtsnrcP5dk74aa2wIoCGpm1rxuecXkciV36DxK-QSm,LaxOkpBjbUU4R5ET32JdKxIpJCii3hM-jOsgUn-c6BiUKqHxr1iHLY8MDk-Exj8jPUKRr6vZUbLjrQ
979,I,MazeRunner0xFF,321,265,True,False,False,False,2lPBYEx_kvTxgvzvwt7ZlYxjJliMfiT70LjWP_pkpQkHiA5RCTJEUEO4ZQ,5HSkohKGl9WOtSohhxnjaSKF-JGzDzx8DXpSD470299lhLTyDP3UrGMDzR44VA5v-Utzd7pUSjCgCg
979,I,G2 Pukita ,855,808,False,True,False,False,cbybGWdTjd93LNTVYU1kFuqbj7ODqY6mnSs8FiXH80SNvWtJ,wN9hbt1B5EIX5RymtR1RxIg5OI_lkpzHJF1zTSQcO_R_EwTigchlvGRAytTYNOQ2X4Jw8KnNody4Ig
979,I,Calmsky,296,244,False,False,False,False,GLC9X3BqeFIBcpnXyV9s1RxIo_lXgz3IWwRbYgg70gnhIUQ,SKargWxwjGqk4bMy-IhYXw-QAO4ZB7jpfz5WoJZIB00R5kjpoeIeaKSGp7BWtprPR8f_TXKWQpHEqA
978,I,Maître kebabier2,530,468,False,False,True,False,Ric6uZRXRuZ0Sao-X6p5o9tnFjSWL8FGRcuGTC-xUQRlotgx,VZOtTkP5nqJ2NB9v6Yl5s_UyfAVaZm1sOSvm5J73tkwpbqzjPhQ4-O6rB_6gahJf45ZPjZ51a4BOWQ
977,I,LST Crakan,503,416,False,False,False,False,6MK9juan5LG_sdgmqKRdD6hAHygfvNOKyczqTamqqWS-Aeyh,0m7yn7RqfkzKCm_y_HsyZ6WY_CkOX2gs6hCIdxYty4zIQG968DdBouUBT5GUkdMH7vDFITXKp0HoiA
976,I,snmvk,359,304,False,False,False,False,u4y6XsRe3GylfDarMCFBk_vI8xcCoRFH57837vHFK4mluhQ,Vse6rUa0c9ojnsRNwLhA5BjUPnX_E4-AXfBMl8YQyQ0yo6iMXcqExm7wr1JbTJ9AEEfFHpZueY-lUA
976,I,Notiko,545,496,False,False,True,False,P6xAtmsyyv6w0PT7mg6sb3MWzLoGOB0YZrQUxDAJKZtjFLA,bNF58Jg3SUeTIu4S5Tvaoq3liqDT9JeybNYKeDdDBpvJs2h5l-RIO5ct6rNkYXNY7p3bGQKyv3Bnwg
976,I,eIramir,639,590,False,True,False,False,yNoEcYYEyGIYn7CO1lyXZngJXob-d5qvYejVaGdM0OUFZkiGNlskGZ31hQ,UW6T30hgreJ8fagz2B3eVcxm3kkRHJ5wlB1hZLLccAhhdSdBH6_Lwb6F565Q_fU_ihBb2s0Rey0lHw
975,I,Afrogirl,390,342,False,False,False,False,_T2bi7M_bH_8c1NjzOrkQdW0u4aDiOUuEKru_ZokkZv_w_E,a01-G4rhqaPqodNaD7baBQg9jxhoBadswAjV2wBhf_ZolzR-caAFg7TN7LpQOSpEZXnoUAEFZpxKqw
972,I,Sakulechat,243,202,False,False,True,False,V1urNkPDrO_Ckm2xlOmBkTnVLFtk3SCO3QtnsJlOtHCAgVmd7e1AejFJNw,U-G11xy5vTmhuk04n-ob2yYwysG4fha7yWw-6PFoOCuA2oL4X-3dIws7jTIdDsOO8vcttR0_jE0amQ
972,I,Trymbi,298,246,False,False,True,False,lje2ODaVx0BHLPEZBOQY_wdoh1kiIgxM8ZfgggjDh3z3tZg,9D7QtIk9QqPomKYuAlIr_5cgAesB3x5fRS_q3x6gtQ3eIBhAojU5NyDJANNzhAkBAl_UjrE3Njyzvw
972,I,wοkeupIikethis,103,72,False,False,True,False,g7mCjv34G7gQ8yrbDinEOYqyhE1vu6UhoKmA6mjpqbnwb0osWqOXHrTcgg,OFPWxXAu8BCsWD_v4wQZaGM5G-83LyOBG6RjE8T7hXbRbWexA2FjLDouCGHCZTXrcc6CqXglaGMXHQ
972,I,RE 7,448,383,False,False,False,False,tdSXh6JGG9_GcV2rr_PdxTDzAyO_iL5Px8ie-uKvIX7_OQM,uYXincjToAZLm0OAOWEDBfSehm4PiHOmb2iPwEAnOtUPX58B09PPKAyTpEdhJj1tVhmVTvDLM_KqLA
971,I,DB Coοper,248,202,False,False,True,False,Ps1La_W-SmPq_JixUaImO5VMSszc5FNkM-bgaC8WmEy4nX0,3ONfcemrHgMVVDdgE3_T6bwfW4qEO1VTSdB-OZ4DkUKBgM3LVR4t0c6ws8ASKt5Oqdq5krBZ2fy2Hg
971,I,indoor fish,398,348,False,False,True,False,Kq5ggLOIJnQd6eee-UJ1b52rFBxFu5lpMRfg6x5ifWl3tPU,ghNJGfJ1D9bFesFOXXWu5WHxXOiqEfujfFES_qM539f7FJ170jJaeJaK3bf49yxphuAPGWrXL6BxEw
971,I,Neramin1,376,314,False,False,True,False,gxcUlrLS77JmmtEiOchtBv8zwVvWfMhdIOqETBYDp8IQzDQ,Vq4IPzIFl908g2oQrGIjvP6p-GUikN7MGjYnxVIK45xRmh9-k2azQ7HkcINI9Rgt2EFfFS40bCDJ4g
970,I,ZYZZ BRAAAAAH,563,514,False,False,True,False,Z9iJ86NcS4K14-3xJHOzff2Aw_5vSE6K2wQ2wfRuiAoIJQ2EvZ2Ew7OlcQ,whifEJNgGHcHbr2a84y2zWUD6xNrU0lrsVecj2yiIXE7nhWT9uOy_F6ffS7IsC8RcnIKOV6LwRSm1Q
969,I,LFT MID,804,756,False,False,False,False,Qsy3_T3AlOGAh_W-LoIpwgTB2hvyjnKrB-jy5sVrlLr16gU,rvzezxJFM81KfGbtR-nAw8Wjnyv6NifiyUSjkOwYaah8GSyH_m6n435PXY6TIhxHtF7Ws-mRLezwHw
968,I,424424424,532,474,False,False,False,False,9w5XsFwS1og0ST8-6Ya4CKPqpJP5A-iP14c6zmdVn3xZ2aE,SHalSvSjlzXhu-voFMfxUQpjI2S9w52yktYs5amnd38mSGddY_MYtbxvaUtEcTCGmTEsFas3TqA16Q
967,I,WeAz SoRya,403,348,False,False,False,False,XxAfsbs3Y9MnEeox36Elq8aqXNiHpRtyRtioichdVeu2Mg0,WQXRdhBozg0-RCOKABXLXOAV-S_IkZNYCLsfvZuQwmEYCaIPxCelY-iGANI7cztAq2CTTLOywidAgA
966,I,dejfDawid1,465,412,False,False,True,False,rbzWxhEdFM7N5rvmQJzISxKtfpiW8aZYNQM0qMOokpyx-zY,9ZQxn6T3RkGKc8aerNGLjTvdVd2E9ohUPdv2b2ZnWIcrYXXaD5Y3unkZAjPBp1JBtsmHq7seON4FwA
965,I,Zaremba,232,186,False,False,False,False,4EmYooZfe93ov2MfgTvQexkEaGJvX6iT_PQpAE7VxC0Uf55K,U3aTJ-Z6Hej-jz6IQCmhIvCdcvEgOC7fEtcPeOAoKpySPS0gtK2tIfqXr7xSElrTI6vwbyrETcHMUQ
965,I,Infoneral,390,336,False,False,True,False,25N14SeUBlLFmu0RWdokDj-5F0mBYEicZOwN1D2IwRlkWLA,18daMI7UOhPY62KJefIePfZWQU04sw-AZrk-T-ygmOJtT6u-WvyZnXNk-s4zZogY6HBvIKrm5z9-tg
965,I,Tanu,267,220,False,False,True,False,_D5JgHAJMaC8A9M8Ytb0PSVxib5ClT2H6oq-P7gNyB_KWKs,Vuel3w4OBmYWRDu9C_GG3pKHCQLpOgU8JPEGE8T2VI5qCw2FvfLQLzEW0StcnLLOgdxwtyvZ3wkRRQ
964,I,Bark,135,100,False,False,False,False,TC1ujFu3VZuOg0YT_kfgMXCpVgMgwKZjRDBPrwcerRu1-NI4t57DDgtFaA,4vlushDbjvfTPKzvZe7DZx7r4gExr8jIpckFRUKmetmGhza3gLhydmZg58SbxdzG-gcLsro0EHJkmw
964,I,XWogen,508,443,False,False,False,False,wt7XCujaXpxcWPQvySY6U-mHS9o3RLLpcuW54RubiTsqlWQn,qAXDiiiptBvGMkvlTlWHQsRBlKy6hAHy4KANqLmG_YqkaMQLTqAI0zTqUNw8_1s9P_62z9O1bwv-RA
963,I,2024gg,226,175,False,False,True,False,sllgYGv812g17_DD6IFNfMsZOH8MphhlsdJsWLrUBpVsMiwEqmnNYvW5FQ,Zgy3WTg4YOpxWTwhHCKQjNpNjkRO0eYkwglbyeHZJBlupotVrIlNDPHPG4_U7LLzAQVL6GqJ0mYtyw
963,I,Fatihcan,679,635,True,False,True,False,_c4a8T9COhQ2rCCuzHaFNlsUXcv5keRvH-fWrb8EIRJSJt2o,bKEILGjlP_EMEr0hvYZcKo3MqcbqsC1ZkuJRzQvnP5ZccTmD2YJ-NW8wjMb9o9q3ZIMC3B9b8Y7T7w
963,I,Suirotas,162,127,True,False,True,False,qlY7g6wIrVZDmJOg9Q4YYNRKfnMmWTj_bGNRLsGfAIN28bU,4G0mT0Is5LNxnPAsTKP8sihwaeR2zmSFT9eol9RvieSuZHZZnrweZ9Fqbhjw2bb_LKx-xhZLX7wD9Q
962,I,chill in head,304,223,False,False,True,False,xvZ6V5U7p0AE_Qhy0GqQziOPprLL5n3p0GiVdLWtQLPZ5l0IA7fTIuy8mA,XQYa5t-kW--NkoPUiSkix4uK-RiWIZIdIwqjznJtDMIx0ueWED_P_kNul6ADfZ0gEqoGreQXNdKPBw
962,I,Obstinatus,541,493,True,False,True,False,remXhFYjLfJTVOfNqzFQtRG8Q5cfmYV8skPmanMNfLcSIy4,o3BtJ5g6fWcQ2OH_WVLi5OSMHFtU-2Tdg8XCNeEEKvqSoKnmy6kCYsLUR9HFJmbyexkMU6Zp9t2nAg
961,I,Cast,881,830,True,False,True,False,NHkqV91CiJ4RV6Gg7gT_DUaC5FwHbLQ-IFt0EdH9VIacUeg,uwwCcZKF69MPSyv6MFiFoo2pewyiKvYbKPRecFcvc05ZbDZ6Zm9w4vrafUESCD9hEeIwvwIWw-EP6g
960,I,mikasaaaaa,575,508,False,False,True,False,8IgX04GeTGp1Mv1r-F2EaPxZec8TgkN-Sxiw4eY6UQMRDuQ,vjD0ZAl1w42FxyjgxQdoMqEE_0x43HftWYc3qATmMIAJtQqa01z1gd-0vD56pJACSWB8iX5RHPkGGQ
960,I,MEGAZORD XERSUS7,503,445,True,False,False,False,kn9rUwIHpMq0Bkf7PhMLvw6nZPmRG4QhSE02CSdxNG2u_dI,RzPhIWUPDKUnJA41RHLNuL92sKY6W4jqgpP3um0D47NE0fW0pyxjn692UQHci20-Czy49rVBXC1SRw
960,I,honor honor,256,205,False,False,True,False,bsTX5YpbWArt71oSD9kCBlyYoVQxVIJbkre-3jW20Q1txMc,wsXozC52D-EgsW7Bj3RxVsjCT0dVXCILVqH2S5CKF1LLOJyBqRzbf8cfRfZnAVQQ5cABWsXBm_MKWg
959,I,Mikkel,363,302,True,False,True,False,QjWgvZb7vg19nZOGbc6Fqi-F2ym-secY_gNSpQkATAqoX44,1HN9dbShIOI39_2ISfiGa2luThYZwRCwUlQ1YM7eWYQ8MJUvdGvxSUQTRU_8w-8GsSgT54edmIMn0Q
959,I,Nightmares,227,174,True,False,False,False,f5aA2dx4HIT8iIu_Dy6_VHq7anh3HoUfS2z7TXftB2uf8UfR,HLhiUdlLw28LfAJRfYUzvAtwk1q9p7mhd8SHXGBh33x5EiWGMDJopoy7JUuR_VfhLHD0b-UDAHRehQ
959,I,FERRETTT,398,348,False,True,False,False,Ossbjrbc0lbS40QKtn1_yNtaxlttR63-ZmyTn3dOTe8KCyf1AjG4B2Uk9w,cAm_gxj0S2pXh98X4_it7917VioTt_IgmBodEjJ4jsWeVMaNy7qgq2-rVfbzaCC6KTGikZCY0LQ5Cw
959,I,LFT Strey,413,359,True,False,True,False,6DEJt4Y-4Q9UnRTgrY_086Cc_G2HySjRkwb33hzA2xz_fyBh,FDHyjWukZIDijbdSXBNtmNMLOeeQM7HFm_AVmGYMYAQxlh-izdbY-4ZTokDBTZ0TiYfiasMwfwr2JQ
958,I,VeigarV2SmurfAcc,175,130,False,False,True,False,FUouCl6_kxi0_NqhKaQvQft8leVi_nPrLHRAJMGy5cmtIVbD,JDTub_1xvgLCMxdVKM3bVCJiqgheBZSHcZWU8dJu-0Q_exx7AjnDqcYJ2n6wg8OHsTisCUew8M5oFg
958,I,sindrelolpro2345,646,588,False,False,True,False,vadbbN77W1bTX--70vxM0w4rbhvVJR44EoR5AmhPNkVr4uk,ZWVeZEJNbkqtU3E0vem9BKjh8TTI5tjye4gep84EgWdbaT2WDUkHiuanxU5ICMzDanoVsu4qKdznjA
958,I,chenzelot,362,304,False,False,True,False,k0pmUx9hZBtupEj-i2LpZ54ZTPpWQVWkcDxrXn-vrbsXhcRk,q4Jtg8_g3NnsJBw3sAjfYXoMQRIcf3I4Kxr9e9mgRoHwyNoqIGbuA51sY-lmO2wfhU3W2Bmh_abLMg
958,I,Dzu,352,318,False,False,True,False,r-DSVbe0HMxs9WbdPkE8J-cUgtaR4iVYtw0robR2RypsR30,jtDNXB_7p8KvenBqRDhvOeT4WPSZ8Yk_IaFsxGDeueXHRCWlDXsQO6H_Bpx_VME6OzMTIWQjjGBi-g
958,I,Sboi155,309,260,False,False,False,False,VWV_5HSFZWxxilLPsu3WWxIzhp9GYUL4Nrde3tfcfzJRSq94,BkIWeF59hKcPxjtezVtHaDZLS0uQDFgQMvUemKGx0rFcmOXOIDpReQ_TuXPauCSROVQLdA1OmAq9qQ
958,I,PaxNoKo,238,179,True,False,True,False,uva5LOMyHhHGL_JqNcEYhM1eK95SUedB1IPnamKupuOr8hI,TvN3z4PfM1kO6TPclo2WKUgAgOAfA0XRRECPs0xvIaoGch0hM8tXveHfZU4EzD2RnTEnbgS0lntWLw
958,I,twtv regn,387,328,False,False,True,False,hpCw33qfQV588rQVB2MBkcksq6rdKW-hYz2L03H_Hp3K7Rbi,XnhqiVXZSdlRrruBy57pAmE0RvaO-FSsrA3S28n1SZxPeeeRgh1pHKu0oGTtL1Ec0b9Cm4uj6HOqFg
957,I,ALL MIGHT03,408,353,False,True,False,False,dp5whQDyLr1WyRexbrPI-RAYa_OOzTH7lD4ccHXND7XgDR5MsB00CL34_Q,TC-2kRgLzHnspr3UdJM-wZjrsqPigIcYiQqpos7UpbpBD75KHU0MLraDoy6T3KBqUR82db084PMW2Q
956,I,LFT SHIHAN5,245,204,False,False,False,False,ZmDQ-xjzil4ewqT13ekJvLlaQATidO6WmfmgAngjpuV95Qd6eAi0vPkgBQ,X_j48x2Q0gE5r-CB7R487P-KbSdw3kB_oB3kOakr0CUOko8u2Ncrnye2e-O-9MQ6XEyfgj4gIToAvw
956,I,Ghosting Gary,419,367,True,False,False,False,ipIYNPS1ZyBbsZnm7WihIsWEffWnZLj_YMGxPT65R1blVw-7,qPJkr22jfcNXpYNTSO4EZ90oIfGIzxBWE6nNwl69RLQ_JAGOgF12gYXJi__fF-8MYfhAfVGAxA3VBQ
955,I,MANATY NO CHAT,394,333,True,False,True,False,DpfRPAreMkCm_ah2l4z_voZRV396vXUND6UGDPbAuTEOvsw,TUqcAJ6mirixDljxjkXTR4ry-slBiU_p-LEhE4vRnzAFATsmP9CYPYVKCZDcLuEoVAOhZTrsU8WVGw
954,I,Ryunoa Zoro,280,233,True,False,True,False,ufNJ4_qb73YWI8K8CucMZ3keGZoDRMpuqf0eQ1ZUil9HJMjhVJzu_Ukz3A,rqL_Y-jCGOTPQLfYPLdewZRuEYKZBwCC3Npx9Lw5Q8fGQuNHvOEAjxQgsmzOYT4JbXSmXfdyqP5aVA
953,I,Whole Lot,347,296,False,False,False,False,EtGPSDu1NgDpMwfLIFs9ASbsKQhuxeEf8MbKGkgMEXG2_IE,zHW1pIIrgRdjgP7JtOUfZeueIlnXRM3oPHE8QMX2zC_0IKkV8QA1vcLDz1lsneO_1znAFC9hhihZCA
950,I,Mutant Grzegorz ,172,147,False,False,True,False,5fY_h2kqDycg2f18GDLFgJqFGIMlxRBJ-kQxQfSOagQEqFM,gcAm0DjV_H9Uk3AvtgS5RnmYYYnu9GKCeXTQXi8g5H-afTnEm0QNnalalhcD_Zv8rJEF9Lu25Owr1g
949,I,LVP promoter,362,310,True,False,True,False,E_D-bGvmFo1S-CUzzLsb8PbqHc2rw6J3fWtvvoGQIXfv5P0,6rndfyRSjQvU_8pE6pqGgMpt8E2Eq3Q8ijbU4fW1akZlG1oW8v93aRJ82SGdRiqi9VWvnP_Zy0oDMA
949,I,CONAN VARVARINA,220,164,False,False,False,False,mE636GTOjx3hViJn3W8i8DlMAImeUKs_6D4jx6lRfE2CisU,q6YSp5DtHKMUS-DBqx6IKhdZSyTqfc5bD80WiQnJNFNaNoNTPK6qL6mekoB2wYPXuUor4NJio2M6Tg
947,I,school phobia,512,397,False,False,True,False,x8WReuFtjX2dWLw92EhLFh3qTuxYnEI5g6iUZOZztcdeD6Q,EkwVK4d6Iw7AVkPyQhMUYS558nLoE8blnC5BRwLbqV2Y-vY9r4prpSA9SV2VB_k0MzcyYC1got_j_A
947,I,Quixeth,765,718,False,False,True,False,K4C3hxWVQ7cnD4OZLP0TFCUZz_KvdbJa2wVN-sR_BPwJZ34,bmCfvSuMtmzq2P5vh10-9M-rN0tTyRcPAZq6KcL8iF-HjR98enQ3eYBXVL8pRP8ch5hAetU93Erisg
946,I,FNC Hylissang,642,594,True,False,True,False,Zi7vrWN4ROcSvT_Dqi6hP9IesM32gVRxyMrfcKlbtSKlBvA,MMIIQx0RhaiVScBudQgOlQdAto3rFLlAxFmvR4PdgqInWbSGLa6iouj1ZyS5bN4W-ZSCfFNtbgHipQ
946,I,Wufo9,467,405,True,False,True,False,MDrIiiUni2NP0XRY2VIpJ6VeO2zjzN5ViPCTufrIFqV3ktEPNzEmfCpd-Q,nQAql-o9WLPRX34FRk-eWvJnguX8xookPXgx8dsSeGXt7LtNPOcoymH55IDxAacUYPTdu9HTnjOAKg
944,I,SmurfWithHarambe,283,233,False,False,False,False,IduBvyRyCDBZgHDQPseVx5xmz0Ybp5kF0_M0fEg_uUXICuA,AuWH3rKCc54qwrjQZQiWJCmU1Gh1BV1LE-ILyK_QHtszbhELzMHNPVTi6pGGfialaW0dZj5VGcO5xQ
944,I,Kieran Tierney,132,81,True,False,True,False,t0Ae5Brailh0QUQioP9uh8HCSeLCP-dsfuyaKkTg_sRE3Dg,pBkbQtdx5iWdp1gOymk-JKVUDwrOjyAE1Yl4U4Nok3U5PCVMmcROv4oPBeB6RaaHGR-XPIoeGmtU6Q
944,I,Lord Dinger,233,182,True,False,True,False,ZIFM8FSkSrN55o7tF_3PGGXKeIhXOW-VWSxMFwC85Pf43sw,Uo3nogyQR9IgyskdDlf4tmXPrzh0gGj-W931y6qiV1puCC6oZxJqvifx1fGqpIZsozWPXvCfSlu8sA
943,I,424PHL,282,245,False,False,False,False,YalEE1SrXxIhXRRADvn-ZbWPNekSHt6EbfwsJE266_-QYxs4,yyZx14eUNUDBeOx3FAogKGe3NF_IksyZ9Bj5rQhHX26uMqoBT-9z7LWf_3abEk-s7SS7ZO0ZWrQ5rg
940,I,RabbIe Arouser,161,118,False,False,True,False,GFR17-sS1LelHz8P4JSXe3Q5ZVc1WQDmL-ofmG4rswbegiU,SgjjHrOBM_ecD3kXeiHNsW9DOnmFTS5772lBfxmJVyTMICv7KfmPa2wxtWv7sVGaSUTmvoFZi_DXLg
940,I,Jυnk Dog,470,410,False,False,True,False,iJsoW-EPDj2pmLOhor0a9g9re-NzP8sr6UpL2RZy3_BNwoM,uRaLWpLCl1BOYc35L87gVZ6KXd6-7Rrz3DOtYIztV4BnRDr0oDGCh-7K0bO4rS_4L6CErO40urdpTA
912,I,WAO RANK 1 ,1275,1221,False,True,False,False,nB03gDRJcfnKOhXAds9uevY5W_8vWn0KIi79VxuuQdKLr6fZ,Bo97rJR1k5RVL3zxB8_FN9T6dZ99tGrJq0_p-GZHPt1F-W4OeH_DYRzHLD4s7KMblbBjTNQsPeca8g
912,I,Ox Caliste ,454,406,False,False,True,False,XQrfuEn7QFwxDQUmpdN01CRD-qwu5U9g9qecZeFUaQ9wRFyN,lT7mVQhIOb5RT8sUZvL726Q5BGAw_VBdZmTHKuJHGIyh080Q_hxHb3DZrLBBiamjgGvlgtx3YvKNag
909,I,CR1PPLED IRL,301,228,False,False,True,False,SPle8a-pyFDFUpBR-MdIIPlbUI_wy66Y9jsxCcv25Wdpd7RSiu1Q1PAedw,-dfkWwbaPLTj0UIcTW3_ZSTU-tDpH_-GU8iLfaInokClXIegt3JMzi3oc4uHEQgdMCFAX951Y5m4_A
906,I,Pabu R2,160,150,False,False,True,False,MN9dGAWsHwHPAGqLpNpQw4kVV0PHhI8bh8wWTS-wbcLz3RP6zAP1fJijHg,
