assists,baronKills,basicPings,bountyLevel,challenges,champExperience,champLevel,championId,championName,championTransform,consumablesPurchased,damageDealtToBuildings,damageDealtToObjectives,damageDealtToTurrets,damageSelfMitigated,deaths,detectorWardsPlaced,doubleKills,dragonKills,eligibleForProgression,firstBloodAssist,firstBloodKill,firstTowerAssist,firstTowerKill,gameEndedInEarlySurrender,gameEndedInSurrender,goldEarned,goldSpent,individualPosition,inhibitorKills,inhibitorTakedowns,inhibitorsLost,item0,item1,item2,item3,item4,item5,item6,itemsPurchased,killingSprees,kills,lane,largestCriticalStrike,largestKillingSpree,largestMultiKill,longestTimeSpentLiving,magicDamageDealt,magicDamageDealtToChampions,magicDamageTaken,neutralMinionsKilled,nexusKills,nexusLost,nexusTakedowns,objectivesStolen,objectivesStolenAssists,participantId,pentaKills,perks,physicalDamageDealt,physicalDamageDealtToChampions,physicalDamageTaken,profileIcon,puuid,quadraKills,riotIdName,riotIdTagline,role,sightWardsBoughtInGame,spell1Casts,spell2Casts,spell3Casts,spell4Casts,summoner1Casts,summoner1Id,summoner2Casts,summoner2Id,summonerId,summonerLevel,summonerName,teamEarlySurrendered,teamId,teamPosition,timeCCingOthers,timePlayed,totalDamageDealt,totalDamageDealtToChampions,totalDamageShieldedOnTeammates,totalDamageTaken,totalHeal,totalHealsOnTeammates,totalMinionsKilled,totalTimeCCDealt,totalTimeSpentDead,totalUnitsHealed,tripleKills,trueDamageDealt,trueDamageDealtToChampions,trueDamageTaken,turretKills,turretTakedowns,turretsLost,unrealKills,visionScore,visionWardsBoughtInGame,wardsKilled,wardsPlaced,win
5,0,1,0,"{'12AssistStreakCount': 0, 'abilityUses': 88, 'acesBefore15Minutes': 0, 'alliedJungleMonsterKills': 0, 'baronTakedowns': 0, 'blastConeOppositeOpponentCount': 0, 'bountyGold': 450, 'buffsStolen': 0, 'completeSupportQuestInTime': 0, 'controlWardsPlaced': 1, 'damagePerMinute': 393.73849143174795, 'damageTakenOnTeamPercentage': 0.17426430113702382, 'dancedWithRiftHerald': 0, 'deathsByEnemyChamps': 9, 'dodgeSkillShotsSmallWindow': 3, 'doubleAces': 0, 'dragonTakedowns': 0, 'earlyLaningPhaseGoldExpAdvantage': 0, 'effectiveHealAndShielding': 0, 'elderDragonKillsWithOpposingSoul': 0, 'elderDragonMultikills': 0, 'enemyChampionImmobilizations': 19, 'enemyJungleMonsterKills': 0, 'epicMonsterKillsNearEnemyJungler': 0, 'epicMonsterKillsWithin30SecondsOfSpawn': 0, 'epicMonsterSteals': 0, 'epicMonsterStolenWithoutSmite': 0, 'flawlessAces': 0, 'fullTeamTakedown': 0, 'gameLength': 881.6584329, 'getTakedownsInAllLanesEarlyJungleAsLaner': 0, 'goldPerMinute': 445.97751159827305, 'hadOpenNexus': 0, 'immobilizeAndKillWithAlly': 3, 'initialBuffCount': 0, 'initialCrabCount': 0, 'jungleCsBefore10Minutes': 0, 'junglerTakedownsNearDamagedEpicMonster': 0, 'kTurretsDestroyedBeforePlatesFall': 0, 'kda': 0.6666666666666666, 'killAfterHiddenWithAlly': 2, 'killParticipation': 0.5, 'killedChampTookFullTeamDamageSurvived': 0, 'killsNearEnemyTurret': 0, 'killsOnOtherLanesEarlyJungleAsLaner': 0, 'killsOnRecentlyHealedByAramPack': 0, 'killsUnderOwnTurret': 0, 'killsWithHelpFromEpicMonster': 0, 'knockEnemyIntoTeamAndKill': 0, 'landSkillShotsEarlyGame': 12, 'laneMinionsFirst10Minutes': 6, 'laningPhaseGoldExpAdvantage': 0, 'legendaryCount': 0, 'lostAnInhibitor': 0, 'maxCsAdvantageOnLaneOpponent': 0, 'maxKillDeficit': 0, 'maxLevelLeadLaneOpponent': 2, 'moreEnemyJungleThanOpponent': -124.75000008940697, 'multiKillOneSpell': 0, 'multiTurretRiftHeraldCount': 0, 'multikills': 0, 'multikillsAfterAggressiveFlash': 0, 'outerTurretExecutesBefore10Minutes': 0, 'outnumberedKills': 0, 'outnumberedNexusKill': 0, 'perfectDragonSoulsTaken': 0, 'perfectGame': 0, 'pickKillWithAlly': 6, 'playedChampSelectPosition': 1, 'poroExplosions': 0, 'quickCleanse': 0, 'quickFirstTurret': 0, 'quickSoloKills': 0, 'riftHeraldTakedowns': 0, 'saveAllyFromDeath': 0, 'scuttleCrabKills': 0, 'skillshotsDodged': 28, 'skillshotsHit': 41, 'snowballsHit': 0, 'soloBaronKills': 0, 'soloKills': 0, 'stealthWardsPlaced': 9, 'survivedSingleDigitHpCount': 0, 'survivedThreeImmobilizesInFight': 2, 'takedownOnFirstTurret': 0, 'takedowns': 6, 'takedownsAfterGainingLevelAdvantage': 0, 'takedownsBeforeJungleMinionSpawn': 0, 'takedownsFirstXMinutes': 6, 'takedownsInAlcove': 0, 'takedownsInEnemyFountain': 0, 'teamBaronKills': 0, 'teamDamagePercentage': 0.14970870391023197, 'teamElderDragonKills': 0, 'teamRiftHeraldKills': 0, 'threeWardsOneSweeperCount': 0, 'tookLargeDamageSurvived': 0, 'turretPlatesTaken': 0, 'turretTakedowns': 0, 'turretsTakenWithRiftHerald': 0, 'twentyMinionsIn3SecondsCount': 0, 'unseenRecalls': 0, 'visionScoreAdvantageLaneOpponent': -0.23327410221099854, 'visionScorePerMinute': 0.9345365086604152, 'wardTakedowns': 0, 'wardTakedownsBefore20M': 0, 'wardsGuarded': 0}",6893,9,103,Ahri,0,4,0,0,0,5155,9,1,0,0,True,False,False,False,False,False,True,6553,6425,UTILITY,0,0,1,6656,3851,2424,3191,3108,3111,3364,17,0,1,NONE,0,0,1,161,11766,4249,9371,0,0,0,0,0,0,5,0,"{'statPerks': {'defense': 5001, 'flex': 5008, 'offense': 5007}, 'styles': [{'description': 'primaryStyle', 'selections': [{'perk': 8112, 'var1': 486, 'var2': 0, 'var3': 0}, {'perk': 8126, 'var1': 160, 'var2': 0, 'var3': 0}, {'perk': 8138, 'var1': 12, 'var2': 0, 'var3': 0}, {'perk': 8106, 'var1': 5, 'var2': 0, 'var3': 0}], 'style': 8100}, {'description': 'subStyle', 'selections': [{'perk': 8313, 'var1': 0, 'var2': 0, 'var3': 0}, {'perk': 8345, 'var1': 3, 'var2': 0, 'var3': 0}], 'style': 8300}]}",1443,384,2875,3024,pUvkqIwUTo972BYOLF-u3-nath8BnhlLaauhqsSh5E-6iF07ogdR0MiZXxM4pHnc9BKcFnhUYrOmEg,0,,,SUPPORT,0,36,27,18,7,3,4,5,54,hJwTuXR8rCac0gT0oJZ9v5wZjuW8aqNOI44fI9nFpXIBO_4,389,L0xosceles Laeta,False,100,UTILITY,13,881,17951,5785,0,12334,1068,0,11,49,205,1,0,4741,1151,87,0,0,6,0,13,1,0,10,False
10,0,17,2,"{'12AssistStreakCount': 0, 'abilityUses': 93, 'acesBefore15Minutes': 0, 'alliedJungleMonsterKills': 0, 'baronTakedowns': 0, 'blastConeOppositeOpponentCount': 0, 'bountyGold': 0, 'buffsStolen': 0, 'completeSupportQuestInTime': 0, 'controlWardTimeCoverageInRiverOrEnemyHalf': 0.05085778690111591, 'controlWardsPlaced': 2, 'damagePerMinute': 507.6692650685982, 'damageTakenOnTeamPercentage': 0.15008604384090501, 'dancedWithRiftHerald': 0, 'deathsByEnemyChamps': 2, 'dodgeSkillShotsSmallWindow': 11, 'doubleAces': 0, 'dragonTakedowns': 0, 'earlyLaningPhaseGoldExpAdvantage': 1, 'effectiveHealAndShielding': 0, 'elderDragonKillsWithOpposingSoul': 0, 'elderDragonMultikills': 0, 'enemyChampionImmobilizations': 25, 'enemyJungleMonsterKills': 0, 'epicMonsterKillsNearEnemyJungler': 0, 'epicMonsterKillsWithin30SecondsOfSpawn': 0, 'epicMonsterSteals': 0, 'epicMonsterStolenWithoutSmite': 0, 'firstTurretKilledTime': 476.3526554, 'flawlessAces': 0, 'fullTeamTakedown': 0, 'gameLength': 881.6584329, 'getTakedownsInAllLanesEarlyJungleAsLaner': 0, 'goldPerMinute': 563.0074140416017, 'hadOpenNexus': 0, 'highestWardKills': 1, 'immobilizeAndKillWithAlly': 12, 'initialBuffCount': 0, 'initialCrabCount': 0, 'jungleCsBefore10Minutes': 0.75, 'junglerTakedownsNearDamagedEpicMonster': 1, 'kTurretsDestroyedBeforePlatesFall': 0, 'kda': 7, 'killAfterHiddenWithAlly': 0, 'killParticipation': 0.4375, 'killedChampTookFullTeamDamageSurvived': 0, 'killsNearEnemyTurret': 0, 'killsOnOtherLanesEarlyJungleAsLaner': 0, 'killsOnRecentlyHealedByAramPack': 0, 'killsUnderOwnTurret': 0, 'killsWithHelpFromEpicMonster': 0, 'knockEnemyIntoTeamAndKill': 7, 'landSkillShotsEarlyGame': 11, 'laneMinionsFirst10Minutes': 17, 'laningPhaseGoldExpAdvantage': 0, 'legendaryCount': 0, 'lostAnInhibitor': 0, 'maxCsAdvantageOnLaneOpponent': 19.75, 'maxKillDeficit': 0, 'maxLevelLeadLaneOpponent': 2, 'moreEnemyJungleThanOpponent': -114.50000005960464, 'multiKillOneSpell': 0, 'multiTurretRiftHeraldCount': 0, 'multikills': 2, 'multikillsAfterAggressiveFlash': 0, 'outerTurretExecutesBefore10Minutes': 0, 'outnumberedKills': 1, 'outnumberedNexusKill': 0, 'perfectDragonSoulsTaken': 0, 'perfectGame': 0, 'pickKillWithAlly': 13, 'playedChampSelectPosition': 1, 'poroExplosions': 0, 'quickCleanse': 0, 'quickFirstTurret': 0, 'quickSoloKills': 0, 'riftHeraldTakedowns': 0, 'saveAllyFromDeath': 0, 'scuttleCrabKills': 1, 'skillshotsDodged': 76, 'skillshotsHit': 15, 'snowballsHit': 0, 'soloBaronKills': 0, 'soloKills': 0, 'stealthWardsPlaced': 3, 'survivedSingleDigitHpCount': 0, 'survivedThreeImmobilizesInFight': 0, 'takedownOnFirstTurret': 0, 'takedowns': 14, 'takedownsAfterGainingLevelAdvantage': 0, 'takedownsBeforeJungleMinionSpawn': 2, 'takedownsFirstXMinutes': 14, 'takedownsInAlcove': 0, 'takedownsInEnemyFountain': 0, 'teamBaronKills': 0, 'teamDamagePercentage': 0.11787290126375038, 'teamElderDragonKills': 0, 'teamRiftHeraldKills': 1, 'threeWardsOneSweeperCount': 0, 'tookLargeDamageSurvived': 0, 'turretPlatesTaken': 3, 'turretTakedowns': 0, 'turretsTakenWithRiftHerald': 0, 'twentyMinionsIn3SecondsCount': 0, 'unseenRecalls': 1, 'visionScoreAdvantageLaneOpponent': 0.30424702167510986, 'visionScorePerMinute': 1.2188664781006735, 'wardTakedowns': 4, 'wardTakedownsBefore20M': 4, 'wardsGuarded': 1}",8395,10,555,Pyke,0,2,971,1515,971,4579,2,2,2,0,True,True,False,False,False,False,True,8273,7400,UTILITY,0,1,0,3179,3855,6691,2031,3158,1036,3364,19,2,4,NONE,0,2,2,498,2306,1478,2594,4,0,0,0,0,0,10,0,"{'statPerks': {'defense': 5002, 'flex': 5008, 'offense': 5005}, 'styles': [{'description': 'primaryStyle', 'selections': [{'perk': 9923, 'var1': 18, 'var2': 66, 'var3': 0}, {'perk': 8143, 'var1': 226, 'var2': 0, 'var3': 0}, {'perk': 8138, 'var1': 18, 'var2': 0, 'var3': 0}, {'perk': 8105, 'var1': 11, 'var2': 4, 'var3': 0}], 'style': 8100}, {'description': 'subStyle', 'selections': [{'perk': 9111, 'var1': 475, 'var2': 280, 'var3': 0}, {'perk': 9104, 'var1': 9, 'var2': 50, 'var3': 0}], 'style': 8000}]}",14996,5535,5345,5460,Ri3W5v6_vWilh1_Ll8n41Hmfj2idRXzlVqIy1yHVTZ1x3n6o3Fy_KEd4fA3tr3jU7mYjOC0-XUzssg,0,,,SUPPORT,0,32,35,19,7,4,4,10,54,SsnnxVMVvAGFhj2vstyVl40aZDKoNcY_LYr1QTgau1-vBFhtPn5uFmnkUw,73,Còn cái nit,False,200,UTILITY,25,881,23469,7459,0,8510,2594,0,26,60,50,1,0,6167,445,570,0,0,0,0,17,2,4,5,True
4,0,13,0,"{'12AssistStreakCount': 0, 'abilityUses': 94, 'acesBefore15Minutes': 0, 'alliedJungleMonsterKills': 5.5, 'baronTakedowns': 0, 'blastConeOppositeOpponentCount': 0, 'bountyGold': 375, 'buffsStolen': 0, 'completeSupportQuestInTime': 0, 'controlWardsPlaced': 0, 'damagePerMinute': 537.2692099472347, 'damageTakenOnTeamPercentage': 0.22680151332397763, 'dancedWithRiftHerald': 0, 'deathsByEnemyChamps': 3, 'dodgeSkillShotsSmallWindow': 1, 'doubleAces': 0, 'dragonTakedowns': 0, 'earlyLaningPhaseGoldExpAdvantage': 0, 'effectiveHealAndShielding': 0, 'elderDragonKillsWithOpposingSoul': 0, 'elderDragonMultikills': 0, 'enemyChampionImmobilizations': 35, 'enemyJungleMonsterKills': 0, 'epicMonsterKillsNearEnemyJungler': 0, 'epicMonsterKillsWithin30SecondsOfSpawn': 0, 'epicMonsterSteals': 0, 'epicMonsterStolenWithoutSmite': 0, 'flawlessAces': 0, 'fullTeamTakedown': 0, 'gameLength': 881.6584329, 'getTakedownsInAllLanesEarlyJungleAsLaner': 0, 'goldPerMinute': 523.0029828191699, 'hadOpenNexus': 0, 'immobilizeAndKillWithAlly': 4, 'initialBuffCount': 0, 'initialCrabCount': 0, 'jungleCsBefore10Minutes': 4, 'junglerTakedownsNearDamagedEpicMonster': 0, 'kTurretsDestroyedBeforePlatesFall': 0, 'kda': 2, 'killAfterHiddenWithAlly': 0, 'killParticipation': 0.5, 'killedChampTookFullTeamDamageSurvived': 0, 'killsNearEnemyTurret': 0, 'killsOnOtherLanesEarlyJungleAsLaner': 0, 'killsOnRecentlyHealedByAramPack': 0, 'killsUnderOwnTurret': 2, 'killsWithHelpFromEpicMonster': 0, 'knockEnemyIntoTeamAndKill': 0, 'landSkillShotsEarlyGame': 0, 'laneMinionsFirst10Minutes': 50, 'laningPhaseGoldExpAdvantage': 0, 'legendaryCount': 0, 'lostAnInhibitor': 0, 'maxCsAdvantageOnLaneOpponent': 1, 'maxKillDeficit': 0, 'maxLevelLeadLaneOpponent': 2, 'moreEnemyJungleThanOpponent': -120.75000008940697, 'multiKillOneSpell': 0, 'multiTurretRiftHeraldCount': 0, 'multikills': 0, 'multikillsAfterAggressiveFlash': 0, 'outerTurretExecutesBefore10Minutes': 0, 'outnumberedKills': 1, 'outnumberedNexusKill': 0, 'perfectDragonSoulsTaken': 0, 'perfectGame': 0, 'pickKillWithAlly': 5, 'playedChampSelectPosition': 1, 'poroExplosions': 0, 'quickCleanse': 0, 'quickFirstTurret': 0, 'quickSoloKills': 0, 'riftHeraldTakedowns': 0, 'saveAllyFromDeath': 0, 'scuttleCrabKills': 0, 'skillshotsDodged': 22, 'skillshotsHit': 0, 'snowballsHit': 0, 'soloBaronKills': 0, 'soloKills': 1, 'stealthWardsPlaced': 3, 'survivedSingleDigitHpCount': 0, 'survivedThreeImmobilizesInFight': 2, 'takedownOnFirstTurret': 0, 'takedowns': 6, 'takedownsAfterGainingLevelAdvantage': 0, 'takedownsBeforeJungleMinionSpawn': 1, 'takedownsFirstXMinutes': 6, 'takedownsInAlcove': 0, 'takedownsInEnemyFountain': 0, 'teamBaronKills': 0, 'teamDamagePercentage': 0.2042824839898019, 'teamElderDragonKills': 0, 'teamRiftHeraldKills': 0, 'threeWardsOneSweeperCount': 0, 'tookLargeDamageSurvived': 0, 'turretPlatesTaken': 0, 'turretTakedowns': 0, 'turretsTakenWithRiftHerald': 0, 'twentyMinionsIn3SecondsCount': 0, 'unseenRecalls': 0, 'visionScoreAdvantageLaneOpponent': -0.30754363536834717, 'visionScorePerMinute': 0.3166075746190322, 'wardTakedowns': 0, 'wardTakedownsBefore20M': 0, 'wardsGuarded': 0}",9573,11,23,Tryndamere,0,3,0,582,0,8942,3,0,0,0,True,False,False,False,False,False,True,7685,7100,TOP,0,0,1,6672,1055,3033,1042,1001,0,3340,19,0,2,NONE,425,0,1,256,0,0,4153,6,0,0,0,0,0,1,0,"{'statPerks': {'defense': 5002, 'flex': 5008, 'offense': 5008}, 'styles': [{'description': 'primaryStyle', 'selections': [{'perk': 8008, 'var1': 6, 'var2': 0, 'var3': 0}, {'perk': 9111, 'var1': 515, 'var2': 120, 'var3': 0}, {'perk': 9105, 'var1': 0, 'var2': 0, 'var3': 0}, {'perk': 8299, 'var1': 459, 'var2': 0, 'var3': 0}], 'style': 8000}, {'description': 'subStyle', 'selections': [{'perk': 8473, 'var1': 600, 'var2': 0, 'var3': 0}, {'perk': 8242, 'var1': 67, 'var2': 0, 'var3': 0}], 'style': 8400}]}",56065,7785,11900,4779,k7IG0FCQatm0_DuySmh776ZoEbNirpXOYG4n6uKYAKkDyEII29hPkr036SXPPfI9JY1M_mLf20XwLw,0,,,SUPPORT,0,22,18,50,4,5,6,7,54,V3AJ6YPi1hrNCArmOuJ-CkHjZX29ylEI1Z-LG8S3d3pGPYrlUWvykpIRBw,28,LazyJesus420,False,100,TOP,15,881,59878,7894,0,16053,5467,0,71,56,75,1,0,3812,109,0,0,0,6,0,4,0,0,3,False
0,0,11,1,"{'12AssistStreakCount': 0, 'abilityUses': 238, 'acesBefore15Minutes': 0, 'alliedJungleMonsterKills': 4.000000029802322, 'baronTakedowns': 0, 'blastConeOppositeOpponentCount': 0, 'bountyGold': 0, 'buffsStolen': 1, 'completeSupportQuestInTime': 0, 'controlWardsPlaced': 0, 'damagePerMinute': 777.6706235611053, 'damageTakenOnTeamPercentage': 0.22495019597659752, 'dancedWithRiftHerald': 0, 'deathsByEnemyChamps': 2, 'dodgeSkillShotsSmallWindow': 6, 'doubleAces': 0, 'dragonTakedowns': 0, 'earlyLaningPhaseGoldExpAdvantage': 0, 'effectiveHealAndShielding': 0, 'elderDragonKillsWithOpposingSoul': 0, 'elderDragonMultikills': 0, 'enemyChampionImmobilizations': 35, 'enemyJungleMonsterKills': 8, 'epicMonsterKillsNearEnemyJungler': 0, 'epicMonsterKillsWithin30SecondsOfSpawn': 0, 'epicMonsterSteals': 0, 'epicMonsterStolenWithoutSmite': 0, 'firstTurretKilledTime': 476.3526554, 'flawlessAces': 0, 'fullTeamTakedown': 0, 'gameLength': 881.6584329, 'getTakedownsInAllLanesEarlyJungleAsLaner': 0, 'goldPerMinute': 833.7401822179066, 'hadOpenNexus': 0, 'immobilizeAndKillWithAlly': 1, 'initialBuffCount': 0, 'initialCrabCount': 0, 'jungleCsBefore10Minutes': 0, 'junglerTakedownsNearDamagedEpicMonster': 0, 'kTurretsDestroyedBeforePlatesFall': 1, 'kda': 3, 'killAfterHiddenWithAlly': 2, 'killParticipation': 0.1875, 'killedChampTookFullTeamDamageSurvived': 0, 'killingSprees': 1, 'killsNearEnemyTurret': 4, 'killsOnOtherLanesEarlyJungleAsLaner': 2, 'killsOnRecentlyHealedByAramPack': 0, 'killsUnderOwnTurret': 0, 'killsWithHelpFromEpicMonster': 0, 'knockEnemyIntoTeamAndKill': 1, 'landSkillShotsEarlyGame': 0, 'laneMinionsFirst10Minutes': 73, 'laningPhaseGoldExpAdvantage': 0, 'legendaryCount': 0, 'lostAnInhibitor': 0, 'maxCsAdvantageOnLaneOpponent': 59.00000002980232, 'maxKillDeficit': 0, 'maxLevelLeadLaneOpponent': 2, 'moreEnemyJungleThanOpponent': -115.25000005960464, 'multiKillOneSpell': 0, 'multiTurretRiftHeraldCount': 0, 'multikills': 1, 'multikillsAfterAggressiveFlash': 1, 'mythicItemUsed': 6630, 'outerTurretExecutesBefore10Minutes': 0, 'outnumberedKills': 3, 'outnumberedNexusKill': 0, 'perfectDragonSoulsTaken': 0, 'perfectGame': 0, 'pickKillWithAlly': 2, 'playedChampSelectPosition': 1, 'poroExplosions': 0, 'quickCleanse': 0, 'quickFirstTurret': 1, 'quickSoloKills': 0, 'riftHeraldTakedowns': 0, 'saveAllyFromDeath': 0, 'scuttleCrabKills': 0, 'skillshotsDodged': 42, 'skillshotsHit': 3, 'snowballsHit': 0, 'soloBaronKills': 0, 'soloKills': 4, 'soloTurretsLategame': 1, 'stealthWardsPlaced': 5, 'survivedSingleDigitHpCount': 0, 'survivedThreeImmobilizesInFight': 4, 'takedownOnFirstTurret': 1, 'takedowns': 6, 'takedownsAfterGainingLevelAdvantage': 1, 'takedownsBeforeJungleMinionSpawn': 2, 'takedownsFirstXMinutes': 6, 'takedownsInAlcove': 0, 'takedownsInEnemyFountain': 0, 'teamBaronKills': 0, 'teamDamagePercentage': 0.18056301402124683, 'teamElderDragonKills': 0, 'teamRiftHeraldKills': 1, 'threeWardsOneSweeperCount': 0, 'tookLargeDamageSurvived': 0, 'turretPlatesTaken': 5, 'turretTakedowns': 2, 'turretsTakenWithRiftHerald': 0, 'twentyMinionsIn3SecondsCount': 0, 'unseenRecalls': 0, 'visionScoreAdvantageLaneOpponent': 0.44413435459136963, 'visionScorePerMinute': 0.4572238607144305, 'wardTakedowns': 0, 'wardTakedownsBefore20M': 0, 'wardsGuarded': 0}",11385,13,92,Riven,0,0,5711,6657,5711,10912,2,0,1,0,True,False,True,False,True,False,True,12251,9950,TOP,0,0,0,3047,3071,6630,2031,3133,3077,3340,15,1,6,NONE,0,4,2,362,1793,924,1910,13,0,0,0,0,0,6,0,"{'statPerks': {'defense': 5002, 'flex': 5008, 'offense': 5005}, 'styles': [{'description': 'primaryStyle', 'selections': [{'perk': 8010, 'var1': 226, 'var2': 0, 'var3': 0}, {'perk': 9111, 'var1': 533, 'var2': 120, 'var3': 0}, {'perk': 9103, 'var1': 0, 'var2': 0, 'var3': 0}, {'perk': 8299, 'var1': 412, 'var2': 0, 'var3': 0}], 'style': 8000}, {'description': 'subStyle', 'selections': [{'perk': 8401, 'var1': 204, 'var2': 0, 'var3': 0}, {'perk': 8453, 'var1': 627, 'var2': 629, 'var3': 0}], 'style': 8400}]}",93198,10502,10613,4532,SMEz5HuRJ8agCJn4JwmejZ7TJlrMCQjGkE41BCKJhd1AQEHDafSurlJWXMS2OLOvc7PlMgoqrXso9w,0,,,SUPPORT,0,134,53,46,5,3,4,6,54,_ber6ZfXlbXBqZO5tKHpFp2qm6wij_8RHleeAgsvvzmuHn8,500,AnimeÎsReal,False,200,TOP,21,881,97712,11427,0,12755,4524,0,121,81,54,1,0,2720,0,231,2,2,0,0,6,0,0,5,True
2,0,1,0,"{'12AssistStreakCount': 0, 'abilityUses': 103, 'acesBefore15Minutes': 0, 'alliedJungleMonsterKills': 0, 'baronTakedowns': 0, 'blastConeOppositeOpponentCount': 0, 'bountyGold': 300, 'buffsStolen': 0, 'completeSupportQuestInTime': 0, 'controlWardsPlaced': 0, 'damagePerMinute': 602.7467088382907, 'damageTakenOnTeamPercentage': 0.20987347016227498, 'dancedWithRiftHerald': 0, 'deathsByEnemyChamps': 6, 'dodgeSkillShotsSmallWindow': 0, 'doubleAces': 0, 'dragonTakedowns': 0, 'earlyLaningPhaseGoldExpAdvantage': 0, 'effectiveHealAndShielding': 0, 'elderDragonKillsWithOpposingSoul': 0, 'elderDragonMultikills': 0, 'enemyChampionImmobilizations': 0, 'enemyJungleMonsterKills': 0, 'epicMonsterKillsNearEnemyJungler': 0, 'epicMonsterKillsWithin30SecondsOfSpawn': 0, 'epicMonsterSteals': 0, 'epicMonsterStolenWithoutSmite': 0, 'flawlessAces': 0, 'fullTeamTakedown': 0, 'gameLength': 881.6584329, 'getTakedownsInAllLanesEarlyJungleAsLaner': 1, 'goldPerMinute': 568.69958971897, 'hadOpenNexus': 0, 'immobilizeAndKillWithAlly': 0, 'initialBuffCount': 0, 'initialCrabCount': 0, 'jungleCsBefore10Minutes': 0, 'junglerTakedownsNearDamagedEpicMonster': 0, 'kTurretsDestroyedBeforePlatesFall': 0, 'kda': 1.1666666666666667, 'killAfterHiddenWithAlly': 0, 'killParticipation': 0.5833333333333334, 'killedChampTookFullTeamDamageSurvived': 0, 'killingSprees': 1, 'killsNearEnemyTurret': 2, 'killsOnOtherLanesEarlyJungleAsLaner': 2, 'killsOnRecentlyHealedByAramPack': 0, 'killsUnderOwnTurret': 1, 'killsWithHelpFromEpicMonster': 0, 'knockEnemyIntoTeamAndKill': 0, 'landSkillShotsEarlyGame': 6, 'laneMinionsFirst10Minutes': 43, 'laningPhaseGoldExpAdvantage': 0, 'legendaryCount': 0, 'lostAnInhibitor': 0, 'maxCsAdvantageOnLaneOpponent': 2, 'maxKillDeficit': 0, 'maxLevelLeadLaneOpponent': 2, 'moreEnemyJungleThanOpponent': -124.75000008940697, 'multiKillOneSpell': 0, 'multiTurretRiftHeraldCount': 0, 'multikills': 1, 'multikillsAfterAggressiveFlash': 1, 'mythicItemUsed': 4636, 'outerTurretExecutesBefore10Minutes': 0, 'outnumberedKills': 1, 'outnumberedNexusKill': 0, 'perfectDragonSoulsTaken': 0, 'perfectGame': 0, 'pickKillWithAlly': 6, 'playedChampSelectPosition': 1, 'poroExplosions': 0, 'quickCleanse': 0, 'quickFirstTurret': 0, 'quickSoloKills': 0, 'riftHeraldTakedowns': 0, 'saveAllyFromDeath': 0, 'scuttleCrabKills': 0, 'skillshotsDodged': 29, 'skillshotsHit': 18, 'snowballsHit': 0, 'soloBaronKills': 0, 'soloKills': 1, 'stealthWardsPlaced': 3, 'survivedSingleDigitHpCount': 0, 'survivedThreeImmobilizesInFight': 2, 'takedownOnFirstTurret': 0, 'takedowns': 7, 'takedownsAfterGainingLevelAdvantage': 0, 'takedownsBeforeJungleMinionSpawn': 0, 'takedownsFirstXMinutes': 7, 'takedownsInAlcove': 0, 'takedownsInEnemyFountain': 0, 'teamBaronKills': 0, 'teamDamagePercentage': 0.2291785805299667, 'teamElderDragonKills': 0, 'teamRiftHeraldKills': 0, 'threeWardsOneSweeperCount': 0, 'tookLargeDamageSurvived': 0, 'turretPlatesTaken': 0, 'turretTakedowns': 0, 'turretsTakenWithRiftHerald': 0, 'twentyMinionsIn3SecondsCount': 0, 'unseenRecalls': 0, 'visionScoreAdvantageLaneOpponent': 0.11336302757263184, 'visionScorePerMinute': 0.35910908940712966, 'wardTakedowns': 1, 'wardTakedownsBefore20M': 1, 'wardsGuarded': 0}",8849,11,84,Akali,0,0,0,0,0,5929,6,0,1,0,True,False,False,False,False,False,True,8356,8340,MIDDLE,0,0,1,1082,4645,4636,3020,0,0,3340,13,1,5,NONE,0,4,2,230,29216,7084,9642,0,0,0,0,0,0,3,0,"{'statPerks': {'defense': 5003, 'flex': 5008, 'offense': 5008}, 'styles': [{'description': 'primaryStyle', 'selections': [{'perk': 8112, 'var1': 336, 'var2': 0, 'var3': 0}, {'perk': 8143, 'var1': 379, 'var2': 0, 'var3': 0}, {'perk': 8138, 'var1': 14, 'var2': 0, 'var3': 0}, {'perk': 8106, 'var1': 4, 'var2': 0, 'var3': 0}], 'style': 8100}, {'description': 'subStyle', 'selections': [{'perk': 8009, 'var1': 346, 'var2': 0, 'var3': 0}, {'perk': 8014, 'var1': 94, 'var2': 0, 'var3': 0}], 'style': 8000}]}",4846,348,4171,5410,we7yivxtyIj3X1TDfUXf_WJxXBv_wlwTsMW4OzRQS2H6mmbo0RSlGeCJWA4xS8gOZQVybJRZyYBFsg,0,,,SUPPORT,0,49,17,27,10,7,54,3,4,93LyrlntmRuMibdUgD969qmZE2TvBV57U-glq5rTcWlGCoWR,324,YourHova,False,100,MIDDLE,0,881,35486,8856,0,14855,1013,0,62,20,134,1,0,1423,1423,1042,0,0,6,0,5,0,1,3,False
8,0,5,0,"{'12AssistStreakCount': 0, 'abilityUses': 168, 'acesBefore15Minutes': 0, 'alliedJungleMonsterKills': 0, 'baronTakedowns': 0, 'blastConeOppositeOpponentCount': 0, 'bountyGold': 0, 'buffsStolen': 0, 'completeSupportQuestInTime': 0, 'controlWardsPlaced': 0, 'damagePerMinute': 931.1278916850249, 'damageTakenOnTeamPercentage': 0.15032782632773786, 'dancedWithRiftHerald': 0, 'deathsByEnemyChamps': 4, 'dodgeSkillShotsSmallWindow': 19, 'doubleAces': 0, 'dragonTakedowns': 0, 'earlyLaningPhaseGoldExpAdvantage': 0, 'effectiveHealAndShielding': 1280.2618408203125, 'elderDragonKillsWithOpposingSoul': 0, 'elderDragonMultikills': 0, 'enemyChampionImmobilizations': 9, 'enemyJungleMonsterKills': 0, 'epicMonsterKillsNearEnemyJungler': 0, 'epicMonsterKillsWithin30SecondsOfSpawn': 0, 'epicMonsterSteals': 0, 'epicMonsterStolenWithoutSmite': 0, 'firstTurretKilledTime': 476.3526554, 'flawlessAces': 0, 'fullTeamTakedown': 0, 'gameLength': 881.6584329, 'getTakedownsInAllLanesEarlyJungleAsLaner': 0, 'goldPerMinute': 685.8494830926604, 'hadOpenNexus': 0, 'immobilizeAndKillWithAlly': 4, 'initialBuffCount': 0, 'initialCrabCount': 0, 'jungleCsBefore10Minutes': 0, 'junglerTakedownsNearDamagedEpicMonster': 0, 'kTurretsDestroyedBeforePlatesFall': 2, 'kda': 3.25, 'killAfterHiddenWithAlly': 1, 'killParticipation': 0.40625, 'killedChampTookFullTeamDamageSurvived': 0, 'killsNearEnemyTurret': 3, 'killsOnOtherLanesEarlyJungleAsLaner': 0, 'killsOnRecentlyHealedByAramPack': 0, 'killsUnderOwnTurret': 0, 'killsWithHelpFromEpicMonster': 0, 'knockEnemyIntoTeamAndKill': 0, 'landSkillShotsEarlyGame': 10, 'laneMinionsFirst10Minutes': 65, 'laningPhaseGoldExpAdvantage': 0, 'legendaryCount': 0, 'lostAnInhibitor': 0, 'maxCsAdvantageOnLaneOpponent': 33, 'maxKillDeficit': 0, 'maxLevelLeadLaneOpponent': 1, 'moreEnemyJungleThanOpponent': -115.25000005960464, 'multiKillOneSpell': 0, 'multiTurretRiftHeraldCount': 0, 'multikills': 0, 'multikillsAfterAggressiveFlash': 0, 'mythicItemUsed': 6655, 'outerTurretExecutesBefore10Minutes': 0, 'outnumberedKills': 0, 'outnumberedNexusKill': 0, 'perfectDragonSoulsTaken': 0, 'perfectGame': 0, 'pickKillWithAlly': 12, 'playedChampSelectPosition': 1, 'poroExplosions': 0, 'quickCleanse': 0, 'quickFirstTurret': 1, 'quickSoloKills': 0, 'riftHeraldTakedowns': 0, 'saveAllyFromDeath': 0, 'scuttleCrabKills': 0, 'skillshotsDodged': 119, 'skillshotsHit': 23, 'snowballsHit': 0, 'soloBaronKills': 0, 'soloKills': 0, 'stealthWardsPlaced': 3, 'survivedSingleDigitHpCount': 0, 'survivedThreeImmobilizesInFight': 0, 'takedownOnFirstTurret': 0, 'takedowns': 13, 'takedownsAfterGainingLevelAdvantage': 0, 'takedownsBeforeJungleMinionSpawn': 2, 'takedownsFirstXMinutes': 13, 'takedownsInAlcove': 0, 'takedownsInEnemyFountain': 0, 'teamBaronKills': 0, 'teamDamagePercentage': 0.21619340305283702, 'teamElderDragonKills': 0, 'teamRiftHeraldKills': 1, 'threeWardsOneSweeperCount': 0, 'tookLargeDamageSurvived': 0, 'turretPlatesTaken': 2, 'turretTakedowns': 2, 'turretsTakenWithRiftHerald': 0, 'twentyMinionsIn3SecondsCount': 0, 'unseenRecalls': 0, 'visionScoreAdvantageLaneOpponent': -0.10182034969329834, 'visionScorePerMinute': 0.322544485242194, 'wardTakedowns': 0, 'wardTakedownsBefore20M': 0, 'wardsGuarded': 0}",9606,11,99,Lux,0,0,1811,1811,1811,4099,4,0,0,0,True,True,False,False,False,False,True,10078,9150,MIDDLE,0,0,0,1056,1082,4645,6655,1058,3020,3340,14,1,5,NONE,0,2,1,274,54508,11611,2966,0,0,0,0,0,0,8,0,"{'statPerks': {'defense': 5001, 'flex': 5008, 'offense': 5008}, 'styles': [{'description': 'primaryStyle', 'selections': [{'perk': 8229, 'var1': 567, 'var2': 0, 'var3': 0}, {'perk': 8226, 'var1': 250, 'var2': 294, 'var3': 0}, {'perk': 8210, 'var1': 4, 'var2': 0, 'var3': 0}, {'perk': 8237, 'var1': 372, 'var2': 0, 'var3': 0}], 'style': 8200}, {'description': 'subStyle', 'selections': [{'perk': 8347, 'var1': 0, 'var2': 0, 'var3': 0}, {'perk': 8304, 'var1': 9, 'var2': 0, 'var3': 0}], 'style': 8300}]}",9287,1964,4142,3887,RB3usZ5FgHNJEaAy39XIuyby5KLbHJpRnRvCSR3la883U5sv0RPgyF3-9z5UlXWojHnrHzu2Cso02A,0,,,SUPPORT,0,32,18,112,6,4,4,5,54,4R-fe49yndLl4LrBgswfO8shcE_nVa4IaX9WZ7plz-aG4lc,60,Amrr,False,200,MIDDLE,18,881,63902,13682,1280,8524,475,0,96,297,112,1,0,107,107,1415,1,2,0,0,4,0,0,3,True
4,0,5,0,"{'12AssistStreakCount': 0, 'abilityUses': 139, 'acesBefore15Minutes': 0, 'alliedJungleMonsterKills': 51.00000008940697, 'baronTakedowns': 0, 'blastConeOppositeOpponentCount': 0, 'bountyGold': 600, 'buffsStolen': 0, 'completeSupportQuestInTime': 0, 'controlWardsPlaced': 0, 'damagePerMinute': 689.02155016891, 'damageTakenOnTeamPercentage': 0.21239083881117354, 'dancedWithRiftHerald': 0, 'deathsByEnemyChamps': 6, 'dodgeSkillShotsSmallWindow': 2, 'doubleAces': 0, 'dragonTakedowns': 0, 'earlyLaningPhaseGoldExpAdvantage': 0, 'effectiveHealAndShielding': 0, 'elderDragonKillsWithOpposingSoul': 0, 'elderDragonMultikills': 0, 'enemyChampionImmobilizations': 10, 'enemyJungleMonsterKills': 0, 'epicMonsterKillsNearEnemyJungler': 0, 'epicMonsterKillsWithin30SecondsOfSpawn': 0, 'epicMonsterSteals': 0, 'epicMonsterStolenWithoutSmite': 0, 'flawlessAces': 0, 'fullTeamTakedown': 0, 'gameLength': 881.6584329, 'goldPerMinute': 590.7258173943793, 'hadOpenNexus': 0, 'immobilizeAndKillWithAlly': 4, 'initialBuffCount': 1, 'initialCrabCount': 1, 'jungleCsBefore10Minutes': 51.250000059604645, 'junglerKillsEarlyJungle': 0, 'junglerTakedownsNearDamagedEpicMonster': 0, 'kTurretsDestroyedBeforePlatesFall': 0, 'kda': 1.3333333333333333, 'killAfterHiddenWithAlly': 2, 'killParticipation': 0.6666666666666666, 'killedChampTookFullTeamDamageSurvived': 0, 'killsNearEnemyTurret': 0, 'killsOnLanersEarlyJungleAsJungler': 2, 'killsOnRecentlyHealedByAramPack': 0, 'killsUnderOwnTurret': 2, 'killsWithHelpFromEpicMonster': 0, 'knockEnemyIntoTeamAndKill': 1, 'landSkillShotsEarlyGame': 3, 'laneMinionsFirst10Minutes': 2, 'laningPhaseGoldExpAdvantage': 0, 'legendaryCount': 0, 'lostAnInhibitor': 0, 'maxCsAdvantageOnLaneOpponent': 0.9999999701976776, 'maxKillDeficit': 0, 'maxLevelLeadLaneOpponent': 2, 'moreEnemyJungleThanOpponent': -73.50000002980232, 'multiKillOneSpell': 0, 'multiTurretRiftHeraldCount': 0, 'multikills': 0, 'multikillsAfterAggressiveFlash': 0, 'outerTurretExecutesBefore10Minutes': 0, 'outnumberedKills': 0, 'outnumberedNexusKill': 0, 'perfectDragonSoulsTaken': 0, 'perfectGame': 0, 'pickKillWithAlly': 8, 'playedChampSelectPosition': 1, 'poroExplosions': 0, 'quickCleanse': 0, 'quickFirstTurret': 0, 'quickSoloKills': 0, 'riftHeraldTakedowns': 0, 'saveAllyFromDeath': 0, 'scuttleCrabKills': 2, 'skillshotsDodged': 30, 'skillshotsHit': 8, 'snowballsHit': 0, 'soloBaronKills': 0, 'soloKills': 0, 'stealthWardsPlaced': 0, 'survivedSingleDigitHpCount': 0, 'survivedThreeImmobilizesInFight': 0, 'takedownOnFirstTurret': 0, 'takedowns': 8, 'takedownsAfterGainingLevelAdvantage': 0, 'takedownsBeforeJungleMinionSpawn': 1, 'takedownsFirstXMinutes': 8, 'takedownsInAlcove': 0, 'takedownsInEnemyFountain': 0, 'teamBaronKills': 0, 'teamDamagePercentage': 0.2619823194499317, 'teamElderDragonKills': 0, 'teamRiftHeraldKills': 0, 'threeWardsOneSweeperCount': 0, 'tookLargeDamageSurvived': 0, 'turretPlatesTaken': 0, 'turretTakedowns': 0, 'turretsTakenWithRiftHerald': 0, 'twentyMinionsIn3SecondsCount': 0, 'unseenRecalls': 0, 'visionScoreAdvantageLaneOpponent': -0.3577946424484253, 'visionScorePerMinute': 0.3232544365991738, 'wardTakedowns': 0, 'wardTakedownsBefore20M': 0, 'wardsGuarded': 0}",8904,11,234,Viego,0,0,0,1454,0,6168,6,0,0,0,True,False,False,False,False,False,True,8680,8200,JUNGLE,0,0,1,3111,3153,6672,1036,0,0,3364,15,0,4,NONE,0,0,1,230,9327,2312,7783,63,0,0,0,0,0,2,0,"{'statPerks': {'defense': 5002, 'flex': 5008, 'offense': 5005}, 'styles': [{'description': 'primaryStyle', 'selections': [{'perk': 8010, 'var1': 123, 'var2': 0, 'var3': 0}, {'perk': 9111, 'var1': 269, 'var2': 160, 'var3': 0}, {'perk': 9104, 'var1': 13, 'var2': 0, 'var3': 0}, {'perk': 8014, 'var1': 265, 'var2': 0, 'var3': 0}], 'style': 8000}, {'description': 'subStyle', 'selections': [{'perk': 8304, 'var1': 9, 'var2': 0, 'var3': 0}, {'perk': 8321, 'var1': 6, 'var2': 0, 'var3': 0}], 'style': 8300}]}",46940,7348,6421,3460,F5nF8vZLaTf8xPKebUNzxvIlpZYZmSBKR7f-1YlbyxzK1wS9mbucyHGgDrwDjzmsX88qFgrUcMVluw,0,,,SUPPORT,0,62,38,32,7,4,55,3,4,8tEwXVzxbEh6je6vKqHlislbnZ6v6HQZlwOeZn1whVtibLp8wG5l9-x5HA,190,ıCupcake,False,100,JUNGLE,11,881,59079,10124,0,15033,4460,0,5,49,121,1,0,2811,463,828,0,0,6,0,4,0,0,0,False
6,0,5,0,"{'12AssistStreakCount': 0, 'abilityUses': 238, 'acesBefore15Minutes': 0, 'alliedJungleMonsterKills': 48.00000008940697, 'baronTakedowns': 0, 'blastConeOppositeOpponentCount': 0, 'bountyGold': 0, 'buffsStolen': 1, 'completeSupportQuestInTime': 0, 'controlWardsPlaced': 0, 'damagePerMinute': 336.1525145785854, 'damageTakenOnTeamPercentage': 0.25270358424668693, 'dancedWithRiftHerald': 0, 'deathsByEnemyChamps': 1, 'dodgeSkillShotsSmallWindow': 6, 'doubleAces': 0, 'dragonTakedowns': 3, 'earliestDragonTakedown': 283.6698871, 'earlyLaningPhaseGoldExpAdvantage': 0, 'effectiveHealAndShielding': 0, 'elderDragonKillsWithOpposingSoul': 0, 'elderDragonMultikills': 0, 'enemyChampionImmobilizations': 10, 'enemyJungleMonsterKills': 12.000000029802322, 'epicMonsterKillsNearEnemyJungler': 0, 'epicMonsterKillsWithin30SecondsOfSpawn': 1, 'epicMonsterSteals': 0, 'epicMonsterStolenWithoutSmite': 0, 'firstTurretKilledTime': 476.3526554, 'flawlessAces': 0, 'fullTeamTakedown': 0, 'gameLength': 881.6584329, 'goldPerMinute': 601.0785989783732, 'hadOpenNexus': 0, 'highestCrowdControlScore': 1, 'immobilizeAndKillWithAlly': 5, 'initialBuffCount': 3, 'initialCrabCount': 1, 'jungleCsBefore10Minutes': 64.00000008940697, 'junglerKillsEarlyJungle': 1, 'junglerTakedownsNearDamagedEpicMonster': 0, 'kTurretsDestroyedBeforePlatesFall': 1, 'kda': 7, 'killAfterHiddenWithAlly': 2, 'killParticipation': 0.21875, 'killedChampTookFullTeamDamageSurvived': 0, 'killsNearEnemyTurret': 0, 'killsOnLanersEarlyJungleAsJungler': 0, 'killsOnRecentlyHealedByAramPack': 0, 'killsUnderOwnTurret': 0, 'killsWithHelpFromEpicMonster': 0, 'knockEnemyIntoTeamAndKill': 0, 'landSkillShotsEarlyGame': 0, 'laneMinionsFirst10Minutes': 8, 'laningPhaseGoldExpAdvantage': 0, 'legendaryCount': 0, 'lostAnInhibitor': 0, 'maxCsAdvantageOnLaneOpponent': 30.750000029802322, 'maxKillDeficit': 0, 'maxLevelLeadLaneOpponent': 2, 'moreEnemyJungleThanOpponent': -51.24999997019768, 'multiKillOneSpell': 0, 'multiTurretRiftHeraldCount': 0, 'multikills': 0, 'multikillsAfterAggressiveFlash': 0, 'outerTurretExecutesBefore10Minutes': 0, 'outnumberedKills': 0, 'outnumberedNexusKill': 0, 'perfectDragonSoulsTaken': 0, 'perfectGame': 0, 'pickKillWithAlly': 7, 'playedChampSelectPosition': 1, 'poroExplosions': 0, 'quickCleanse': 0, 'quickFirstTurret': 0, 'quickSoloKills': 0, 'riftHeraldTakedowns': 1, 'saveAllyFromDeath': 0, 'scuttleCrabKills': 2, 'skillshotsDodged': 51, 'skillshotsHit': 0, 'snowballsHit': 0, 'soloBaronKills': 0, 'soloKills': 0, 'stealthWardsPlaced': 5, 'survivedSingleDigitHpCount': 0, 'survivedThreeImmobilizesInFight': 2, 'takedownOnFirstTurret': 0, 'takedowns': 7, 'takedownsAfterGainingLevelAdvantage': 0, 'takedownsBeforeJungleMinionSpawn': 2, 'takedownsFirstXMinutes': 7, 'takedownsInAlcove': 0, 'takedownsInEnemyFountain': 0, 'teamBaronKills': 0, 'teamDamagePercentage': 0.07804938153017588, 'teamElderDragonKills': 0, 'teamRiftHeraldKills': 1, 'threeWardsOneSweeperCount': 0, 'tookLargeDamageSurvived': 0, 'turretPlatesTaken': 1, 'turretTakedowns': 2, 'turretsTakenWithRiftHerald': 0, 'twentyMinionsIn3SecondsCount': 0, 'unseenRecalls': 0, 'visionScoreAdvantageLaneOpponent': 0.5571342706680298, 'visionScorePerMinute': 0.5033505796274481, 'wardTakedowns': 0, 'wardTakedownsBefore20M': 0, 'wardsGuarded': 0}",10486,12,77,Udyr,0,0,1973,34983,1973,12525,1,0,0,3,True,True,False,False,False,False,True,8832,7300,JUNGLE,0,1,0,6692,3179,1055,0,3158,0,3340,13,0,1,NONE,0,0,1,726,25184,1465,3288,84,0,0,0,0,0,7,0,"{'statPerks': {'defense': 5002, 'flex': 5008, 'offense': 5005}, 'styles': [{'description': 'primaryStyle', 'selections': [{'perk': 8005, 'var1': 82, 'var2': 40, 'var3': 42}, {'perk': 9111, 'var1': 418, 'var2': 140, 'var3': 0}, {'perk': 9104, 'var1': 9, 'var2': 50, 'var3': 0}, {'perk': 8299, 'var1': 138, 'var2': 0, 'var3': 0}], 'style': 8000}, {'description': 'subStyle', 'selections': [{'perk': 8135, 'var1': 400, 'var2': 4, 'var3': 0}, {'perk': 8138, 'var1': 8, 'var2': 0, 'var3': 0}], 'style': 8100}]}",60379,3194,10627,549,bMaBFos7HSdAwzfa6GloS_JIQWc9n39GLwvk7fVfYen0MAe0PbSNotjKXkZAgokoFG09bh2ljcjC1w,0,,,SUPPORT,0,72,36,70,60,3,4,7,55,_9luc6WYxdPrjAipf6qLSqBUUHvolVId1reTshMUX9qUWkY,663,Dayns,False,200,JUNGLE,15,881,99461,4939,0,14329,6778,0,16,538,33,1,0,13897,279,413,1,2,0,0,7,0,0,5,True
1,0,13,0,"{'12AssistStreakCount': 0, 'abilityUses': 71, 'acesBefore15Minutes': 0, 'alliedJungleMonsterKills': 0, 'baronTakedowns': 0, 'blastConeOppositeOpponentCount': 0, 'bountyGold': 0, 'buffsStolen': 0, 'completeSupportQuestInTime': 0, 'controlWardsPlaced': 0, 'damagePerMinute': 407.2547669377314, 'damageTakenOnTeamPercentage': 0.17666987656555003, 'dancedWithRiftHerald': 0, 'deathsByEnemyChamps': 8, 'dodgeSkillShotsSmallWindow': 0, 'doubleAces': 0, 'dragonTakedowns': 0, 'earlyLaningPhaseGoldExpAdvantage': 0, 'effectiveHealAndShielding': 0, 'elderDragonKillsWithOpposingSoul': 0, 'elderDragonMultikills': 0, 'enemyChampionImmobilizations': 8, 'enemyJungleMonsterKills': 0, 'epicMonsterKillsNearEnemyJungler': 0, 'epicMonsterKillsWithin30SecondsOfSpawn': 0, 'epicMonsterSteals': 0, 'epicMonsterStolenWithoutSmite': 0, 'flawlessAces': 0, 'fullTeamTakedown': 0, 'gameLength': 881.6584329, 'getTakedownsInAllLanesEarlyJungleAsLaner': 0, 'goldPerMinute': 397.65187051725866, 'hadOpenNexus': 0, 'immobilizeAndKillWithAlly': 0, 'initialBuffCount': 0, 'initialCrabCount': 0, 'jungleCsBefore10Minutes': 0, 'junglerTakedownsNearDamagedEpicMonster': 0, 'kTurretsDestroyedBeforePlatesFall': 0, 'kda': 0.125, 'killAfterHiddenWithAlly': 0, 'killParticipation': 0.08333333333333333, 'killedChampTookFullTeamDamageSurvived': 0, 'killsNearEnemyTurret': 0, 'killsOnOtherLanesEarlyJungleAsLaner': 0, 'killsOnRecentlyHealedByAramPack': 0, 'killsUnderOwnTurret': 0, 'killsWithHelpFromEpicMonster': 0, 'knockEnemyIntoTeamAndKill': 0, 'landSkillShotsEarlyGame': 4, 'laneMinionsFirst10Minutes': 52, 'laningPhaseGoldExpAdvantage': 0, 'legendaryCount': 0, 'lostAnInhibitor': 0, 'maxCsAdvantageOnLaneOpponent': 1, 'maxKillDeficit': 0, 'maxLevelLeadLaneOpponent': 2, 'moreEnemyJungleThanOpponent': -124.75000008940697, 'multiKillOneSpell': 0, 'multiTurretRiftHeraldCount': 0, 'multikills': 0, 'multikillsAfterAggressiveFlash': 0, 'outerTurretExecutesBefore10Minutes': 0, 'outnumberedKills': 0, 'outnumberedNexusKill': 0, 'perfectDragonSoulsTaken': 0, 'perfectGame': 0, 'pickKillWithAlly': 1, 'playedChampSelectPosition': 1, 'poroExplosions': 0, 'quickCleanse': 0, 'quickFirstTurret': 0, 'quickSoloKills': 0, 'riftHeraldTakedowns': 0, 'saveAllyFromDeath': 0, 'scuttleCrabKills': 0, 'skillshotsDodged': 14, 'skillshotsHit': 10, 'snowballsHit': 0, 'soloBaronKills': 0, 'soloKills': 0, 'stealthWardsPlaced': 5, 'survivedSingleDigitHpCount': 0, 'survivedThreeImmobilizesInFight': 0, 'takedownOnFirstTurret': 0, 'takedowns': 1, 'takedownsAfterGainingLevelAdvantage': 0, 'takedownsBeforeJungleMinionSpawn': 0, 'takedownsFirstXMinutes': 1, 'takedownsInAlcove': 0, 'takedownsInEnemyFountain': 0, 'teamBaronKills': 0, 'teamDamagePercentage': 0.15484791212006774, 'teamElderDragonKills': 0, 'teamRiftHeraldKills': 0, 'threeWardsOneSweeperCount': 0, 'tookLargeDamageSurvived': 0, 'turretPlatesTaken': 0, 'turretTakedowns': 0, 'turretsTakenWithRiftHerald': 0, 'twentyMinionsIn3SecondsCount': 0, 'unseenRecalls': 0, 'visionScoreAdvantageLaneOpponent': -0.038346290588378906, 'visionScorePerMinute': 0.43511538875360173, 'wardTakedowns': 0, 'wardTakedownsBefore20M': 0, 'wardsGuarded': 0}",7095,9,236,Lucian,0,1,0,2321,0,3494,8,0,0,0,True,False,False,False,False,False,True,5843,5525,BOTTOM,0,0,1,1055,6672,2031,3006,1036,0,3340,13,0,0,NONE,1907,0,0,181,2301,611,9299,0,0,0,0,0,0,4,0,"{'statPerks': {'defense': 5002, 'flex': 5008, 'offense': 5005}, 'styles': [{'description': 'primaryStyle', 'selections': [{'perk': 8005, 'var1': 414, 'var2': 274, 'var3': 140}, {'perk': 9111, 'var1': 0, 'var2': 20, 'var3': 0}, {'perk': 9103, 'var1': 0, 'var2': 0, 'var3': 0}, {'perk': 8014, 'var1': 61, 'var2': 0, 'var3': 0}], 'style': 8000}, {'description': 'subStyle', 'selections': [{'perk': 8210, 'var1': 0, 'var2': 0, 'var3': 0}, {'perk': 8236, 'var1': 4, 'var2': 0, 'var3': 0}], 'style': 8200}]}",34397,5372,2445,3553,0NVt70vdDtyQ23Zq1Nrvb64LJyqjTQSDTL0XFOGUHxdB4w_ja8Nl5pYxKo3iD0cxyHZXo1rULS6xUQ,0,,,SUPPORT,0,28,19,20,4,3,4,7,54,cag-QYyxxU1FfR-xt6E3s-5irH8HjaryiCElt4zj-xGcHe0,286,PisduchaBlyat,False,100,BOTTOM,0,881,39522,5984,0,12505,448,0,81,11,181,1,0,2824,0,759,0,0,6,0,6,1,0,5,False
5,0,4,3,"{'12AssistStreakCount': 0, 'abilityUses': 308, 'acesBefore15Minutes': 0, 'alliedJungleMonsterKills': 0, 'baronTakedowns': 0, 'blastConeOppositeOpponentCount': 0, 'bountyGold': 0, 'buffsStolen': 0, 'completeSupportQuestInTime': 0, 'controlWardsPlaced': 0, 'damagePerMinute': 1754.3006311696336, 'damageTakenOnTeamPercentage': 0.22193234960807265, 'dancedWithRiftHerald': 0, 'deathsByEnemyChamps': 3, 'dodgeSkillShotsSmallWindow': 4, 'doubleAces': 0, 'dragonTakedowns': 0, 'earlyLaningPhaseGoldExpAdvantage': 1, 'effectiveHealAndShielding': 0, 'elderDragonKillsWithOpposingSoul': 0, 'elderDragonMultikills': 0, 'enemyChampionImmobilizations': 3, 'enemyJungleMonsterKills': 0, 'epicMonsterKillsNearEnemyJungler': 0, 'epicMonsterKillsWithin30SecondsOfSpawn': 0, 'epicMonsterSteals': 0, 'epicMonsterStolenWithoutSmite': 0, 'fastestLegendary': 414.5549724, 'firstTurretKilledTime': 476.3526554, 'flawlessAces': 0, 'fullTeamTakedown': 0, 'gameLength': 881.6584329, 'getTakedownsInAllLanesEarlyJungleAsLaner': 0, 'goldPerMinute': 848.4085168641957, 'hadOpenNexus': 0, 'highestChampionDamage': 1, 'immobilizeAndKillWithAlly': 0, 'initialBuffCount': 0, 'initialCrabCount': 0, 'jungleCsBefore10Minutes': 0, 'junglerTakedownsNearDamagedEpicMonster': 0, 'kTurretsDestroyedBeforePlatesFall': 2, 'kda': 7, 'killAfterHiddenWithAlly': 0, 'killParticipation': 0.65625, 'killedChampTookFullTeamDamageSurvived': 0, 'killingSprees': 3, 'killsNearEnemyTurret': 8, 'killsOnOtherLanesEarlyJungleAsLaner': 0, 'killsOnRecentlyHealedByAramPack': 0, 'killsUnderOwnTurret': 0, 'killsWithHelpFromEpicMonster': 0, 'knockEnemyIntoTeamAndKill': 0, 'landSkillShotsEarlyGame': 10, 'laneMinionsFirst10Minutes': 74, 'laningPhaseGoldExpAdvantage': 1, 'legendaryCount': 1, 'lostAnInhibitor': 0, 'maxCsAdvantageOnLaneOpponent': 31, 'maxKillDeficit': 0, 'maxLevelLeadLaneOpponent': 4, 'moreEnemyJungleThanOpponent': -115.25000005960464, 'multiKillOneSpell': 0, 'multiTurretRiftHeraldCount': 0, 'multikills': 6, 'multikillsAfterAggressiveFlash': 0, 'mythicItemUsed': 6655, 'outerTurretExecutesBefore10Minutes': 0, 'outnumberedKills': 5, 'outnumberedNexusKill': 0, 'perfectDragonSoulsTaken': 0, 'perfectGame': 0, 'pickKillWithAlly': 11, 'playedChampSelectPosition': 1, 'poroExplosions': 0, 'quickCleanse': 0, 'quickFirstTurret': 1, 'quickSoloKills': 0, 'riftHeraldTakedowns': 0, 'saveAllyFromDeath': 0, 'scuttleCrabKills': 0, 'skillshotsDodged': 29, 'skillshotsHit': 22, 'snowballsHit': 0, 'soloBaronKills': 0, 'soloKills': 9, 'stealthWardsPlaced': 5, 'survivedSingleDigitHpCount': 0, 'survivedThreeImmobilizesInFight': 2, 'takedownOnFirstTurret': 0, 'takedowns': 21, 'takedownsAfterGainingLevelAdvantage': 1, 'takedownsBeforeJungleMinionSpawn': 1, 'takedownsFirstXMinutes': 21, 'takedownsInAlcove': 1, 'takedownsInEnemyFountain': 0, 'teamBaronKills': 0, 'teamDamagePercentage': 0.40732130013198986, 'teamElderDragonKills': 0, 'teamRiftHeraldKills': 1, 'threeWardsOneSweeperCount': 0, 'tookLargeDamageSurvived': 0, 'turretPlatesTaken': 4, 'turretTakedowns': 2, 'turretsTakenWithRiftHerald': 0, 'twentyMinionsIn3SecondsCount': 0, 'unseenRecalls': 0, 'visionScoreAdvantageLaneOpponent': 0.03987538814544678, 'visionScorePerMinute': 0.4524657782723185, 'wardTakedowns': 0, 'wardTakedownsBefore20M': 0, 'wardsGuarded': 0}",11701,13,69,Cassiopeia,0,2,3054,3054,3054,5111,3,0,5,0,True,False,False,False,False,False,True,12466,10350,BOTTOM,1,1,0,3040,1082,2031,6655,4629,3145,3340,17,3,16,NONE,0,8,3,337,67646,23508,4231,0,0,0,0,0,0,9,0,"{'statPerks': {'defense': 5002, 'flex': 5008, 'offense': 5008}, 'styles': [{'description': 'primaryStyle', 'selections': [{'perk': 8010, 'var1': 477, 'var2': 0, 'var3': 0}, {'perk': 8009, 'var1': 5352, 'var2': 0, 'var3': 0}, {'perk': 9105, 'var1': 6, 'var2': 40, 'var3': 0}, {'perk': 8014, 'var1': 683, 'var2': 0, 'var3': 0}], 'style': 8000}, {'description': 'subStyle', 'selections': [{'perk': 8226, 'var1': 250, 'var2': 206, 'var3': 0}, {'perk': 8236, 'var1': 8, 'var2': 0, 'var3': 0}], 'style': 8200}]}",2845,264,7716,1389,dnS1Esx2TZwd5tgUnvS6QJKAKxgQJ62e-netu6KlhkB6ir0xE0w2ePQnRSme_g7xAWwsdKsemP8YXg,0,,,SUPPORT,0,92,15,197,4,4,4,8,54,d70l2f318uwfmH-tO_3sD9gIFWFdip9G7ltMhvNj5pVzkLk,684,KHK TLamp,False,200,BOTTOM,15,881,78310,25778,0,12584,3805,0,106,136,82,1,1,7818,2005,636,2,2,0,0,6,0,0,5,True
